1,9,2020-09-30,1
2,11,2020-09-14,1
3,6,2021-09-05,1
4,8,2020-08-31,1
5,8,2021-08-12,1
6,10,2021-09-30,1
7,7,2019-08-27,1
8,7,2021-08-23,1
9,11,2021-08-08,1
10,9,2021-09-25,1
11,6,2021-09-30,1
12,8,2020-09-06,1
13,6,2021-08-25,1
14,6,2019-09-21,1
15,7,2019-09-27,1
16,6,2020-08-16,1
17,6,2019-08-15,1
18,7,2021-08-03,1
19,11,2017-09-03,1
20,8,2021-08-20,1
21,10,2019-08-29,1
22,8,2021-08-08,1
23,8,2021-08-23,1
24,11,2021-08-22,1
25,6,2021-09-10,1
26,9,2021-09-04,1
27,8,2021-08-29,1
28,7,2020-09-12,1
29,11,2019-09-21,1
30,7,2021-08-27,1
31,10,2020-08-14,1
32,11,2021-09-19,1
33,9,2021-09-18,1
34,10,2019-08-25,1
35,6,2021-08-13,1
36,10,2020-09-13,1
37,9,2020-09-22,1
38,9,2021-08-24,1
39,8,2021-09-17,1
40,9,2020-09-26,1
41,11,2019-09-03,1
42,11,2021-08-30,1
43,11,2021-09-06,1
44,11,2021-08-12,1
45,10,2019-09-02,1
46,11,2020-08-10,1
47,11,2021-08-15,1
48,8,2016-08-04,1
49,10,2021-08-13,1
50,8,2017-08-18,1
51,9,2020-08-24,1
52,6,2018-08-29,1
53,6,2020-09-08,1
54,10,2021-09-08,1
55,7,2021-08-03,1
56,11,2021-08-10,1
57,11,2019-08-25,1
58,7,2020-09-24,1
59,8,2020-08-07,1
60,11,2021-09-08,1
61,8,2020-08-31,1
62,10,2020-09-22,1
63,8,2019-08-16,1
64,9,2021-08-03,1
65,10,2018-08-21,1
66,11,2020-08-12,1
67,9,2021-09-11,1
68,10,2021-08-02,1
69,8,2021-09-13,1
70,6,2016-09-01,1
71,9,2018-09-26,1
72,8,2019-08-02,1
73,11,2020-09-21,1
74,8,2018-08-28,1
75,9,2021-08-04,1
76,8,2020-08-01,1
77,11,2017-08-16,1
78,6,2020-09-01,0
79,7,2021-09-16,1
80,8,2018-08-18,1
81,7,2020-09-07,1
82,9,2021-09-06,1
83,6,2021-08-09,1
84,11,2021-08-12,1
85,11,2017-09-26,1
86,10,2019-08-06,0
87,7,2021-08-11,1
88,10,2021-08-28,1
89,10,2020-09-19,1
90,11,2020-09-13,1
91,10,2021-08-21,1
92,7,2021-09-22,1
93,9,2019-09-25,1
94,8,2020-08-11,0
95,6,2021-09-30,1
96,11,2021-08-14,1
97,10,2017-09-12,1
98,8,2016-09-21,1
99,6,2017-09-28,1
100,6,2021-09-11,1
101,6,2021-08-13,1
102,10,2020-08-14,1
103,7,2019-08-19,1
104,10,2019-09-05,1
105,8,2019-08-24,1
106,6,2019-08-02,1
107,8,2017-09-25,1
108,9,2019-09-13,1
109,8,2017-08-12,1
110,8,2021-09-05,1
111,10,2020-09-27,1
112,9,2021-09-03,1
113,9,2021-09-11,1
114,7,2021-09-01,1
115,6,2021-09-27,1
116,10,2021-08-25,1
117,8,2021-09-09,1
118,6,2016-09-07,1
119,8,2021-09-27,1
120,7,2021-09-17,1
121,8,2020-09-22,1
122,9,2020-08-02,1
123,7,2020-08-07,1
124,6,2021-09-15,1
125,9,2018-09-10,0
126,8,2021-08-10,1
127,10,2021-08-28,1
128,10,2020-08-13,1
129,6,2020-08-07,1
130,7,2020-09-03,1
131,11,2021-08-20,1
132,8,2021-08-02,1
133,6,2018-09-20,1
134,10,2017-09-13,1
135,10,2017-08-31,1
136,7,2019-08-23,1
137,7,2019-08-20,1
138,11,2021-09-13,1
139,10,2020-09-30,1
140,10,2021-09-22,1
141,9,2021-09-13,1
142,9,2020-08-20,1
143,6,2021-09-18,1
144,6,2021-09-13,1
145,11,2021-09-10,1
146,10,2021-08-12,1
147,10,2019-09-21,1
148,10,2021-08-21,1
149,9,2021-09-25,1
150,7,2019-08-07,1
151,11,2021-08-22,1
152,10,2017-09-08,1
153,7,2018-08-15,1
154,6,2020-09-02,1
155,11,2016-08-13,1
156,10,2021-08-20,1
157,11,2021-09-24,1
158,9,2019-09-05,1
159,9,2020-08-10,1
160,9,2018-08-08,1
161,8,2021-08-12,1
162,9,2021-08-10,1
163,8,2021-08-16,1
164,11,2020-09-28,1
165,11,2021-08-29,1
166,10,2021-08-16,1
167,7,2021-08-29,1
168,8,2021-08-25,1
169,8,2021-08-12,1
170,7,2021-08-21,1
171,7,2020-09-13,1
172,7,2020-09-07,1
173,6,2019-09-18,1
174,10,2018-09-03,1
175,9,2021-09-11,1
176,8,2020-09-20,1
177,11,2019-08-23,1
178,11,2017-08-20,1
179,9,2020-08-30,1
180,10,2021-09-09,1
181,10,2020-08-21,1
182,8,2020-08-27,0
183,6,2021-08-12,1
184,10,2021-08-03,1
185,7,2020-09-05,1
186,9,2021-08-15,1
187,8,2020-08-23,1
188,9,2021-08-08,1
189,10,2020-09-08,1
190,8,2020-09-19,1
191,10,2020-08-22,1
192,10,2021-08-10,1
193,8,2020-09-26,1
194,11,2020-09-05,1
195,10,2021-08-05,1
196,8,2020-09-03,1
197,11,2021-09-11,1
198,9,2021-09-25,1
199,6,2018-09-30,1
200,6,2020-09-14,0
201,11,2018-08-09,0
202,10,2020-08-09,1
203,11,2020-08-27,1
204,9,2019-09-30,1
205,9,2021-09-02,1
206,11,2021-08-24,1
207,10,2021-08-18,1
208,7,2021-08-02,1
209,9,2020-09-13,1
210,10,2020-09-30,0
211,11,2020-08-08,1
212,9,2021-08-22,1
213,9,2016-09-29,1
214,8,2021-08-11,1
215,10,2020-09-10,1
216,9,2021-08-24,1
217,10,2021-08-18,0
218,6,2016-08-11,1
219,11,2016-09-14,1
220,9,2020-09-15,1
221,6,2021-09-05,1
222,10,2021-08-26,1
223,7,2018-09-22,1
224,7,2017-09-05,1
225,11,2020-08-12,1
226,9,2019-08-14,1
227,6,2019-08-15,1
228,6,2020-08-17,1
229,9,2021-08-27,1
230,7,2019-08-18,1
231,8,2021-08-16,1
232,7,2020-08-24,0
233,11,2017-08-18,1
234,10,2021-09-20,1
235,8,2021-08-23,1
236,6,2020-09-05,1
237,10,2021-09-24,1
238,6,2017-09-06,1
239,9,2021-09-18,1
240,6,2021-09-25,1
241,6,2021-09-15,1
242,7,2021-08-07,1
243,11,2021-08-07,1
244,8,2017-09-05,1
245,9,2017-09-15,1
246,9,2021-08-04,1
247,11,2020-09-08,1
248,8,2021-08-23,1
249,9,2019-09-02,1
250,7,2021-08-08,0
251,6,2021-09-03,1
252,9,2016-09-26,1
253,6,2018-08-30,0
254,8,2019-08-13,1
255,9,2020-08-23,1
256,10,2020-09-28,1
257,7,2016-09-28,1
258,8,2021-08-21,1
259,6,2019-08-31,0
260,11,2019-09-20,1
261,10,2020-09-14,0
262,10,2018-08-24,1
263,6,2021-09-03,1
264,6,2021-09-05,1
265,7,2019-09-26,1
266,9,2021-08-10,1
267,8,2020-08-06,1
268,10,2020-09-28,1
269,11,2016-08-22,1
270,10,2016-08-06,1
271,8,2017-08-13,1
272,8,2019-08-10,1
273,8,2019-08-26,1
274,9,2019-09-30,1
275,8,2016-09-20,1
276,11,2016-08-12,1
277,9,2021-09-26,1
278,11,2018-09-14,1
279,7,2017-09-28,1
280,11,2017-09-05,0
281,8,2021-09-10,1
282,10,2020-09-12,1
283,9,2021-08-09,1
284,11,2021-08-31,1
285,6,2019-08-21,1
286,10,2020-08-03,1
287,6,2021-08-24,1
288,8,2019-08-02,1
289,6,2021-08-27,1
290,10,2019-08-16,1
291,8,2020-09-19,1
292,8,2019-09-21,1
293,7,2021-08-25,1
294,8,2019-09-07,1
295,9,2020-08-25,1
296,9,2021-08-29,1
297,7,2018-08-31,0
298,8,2020-08-27,1
299,10,2021-09-04,1
300,9,2021-09-22,1
301,7,2021-08-24,1
302,10,2019-08-09,1
303,7,2020-09-01,1
304,7,2021-09-21,1
305,8,2021-08-28,1
306,7,2020-09-08,1
307,11,2016-08-16,1
308,7,2019-09-28,1
309,8,2021-09-29,1
310,10,2021-08-11,1
311,10,2021-08-12,1
312,9,2016-08-31,1
313,9,2017-08-24,1
314,8,2021-09-11,1
315,10,2021-08-09,1
316,6,2021-08-09,1
317,11,2016-09-13,1
318,8,2021-08-13,1
319,9,2016-09-11,1
320,7,2018-09-25,1
321,11,2019-08-04,1
322,10,2021-09-23,1
323,6,2021-08-28,1
324,8,2019-09-07,1
325,10,2020-08-23,1
326,6,2021-08-30,1
327,10,2018-08-20,1
328,11,2021-09-22,1
329,8,2017-09-28,1
330,11,2021-08-12,1
331,11,2020-08-25,1
332,6,2021-08-27,1
333,6,2019-09-14,1
334,7,2020-08-04,1
335,6,2021-08-16,0
336,9,2019-09-12,1
337,9,2020-08-12,1
338,11,2021-09-14,1
339,9,2020-08-06,1
340,8,2016-09-26,1
341,8,2018-09-11,1
342,6,2019-09-09,1
343,7,2018-08-23,1
344,8,2021-08-23,1
345,7,2016-08-15,1
346,11,2021-09-18,1
347,6,2018-09-20,1
348,10,2020-09-27,1
349,9,2016-09-08,1
350,6,2018-08-21,1
351,8,2021-09-17,1
352,10,2020-08-31,1
353,6,2019-09-06,1
354,10,2021-09-27,1
355,11,2020-09-17,1
356,10,2019-09-27,1
357,10,2021-08-22,1
358,6,2019-08-24,1
359,8,2021-08-07,1
360,9,2021-09-18,1
361,8,2018-09-19,1
362,6,2020-09-12,1
363,9,2020-09-23,1
364,8,2020-08-31,1
365,9,2021-09-26,1
366,10,2021-09-09,1
367,8,2020-09-01,1
368,10,2021-09-27,1
369,8,2018-08-01,1
370,9,2017-09-13,0
371,9,2020-09-02,1
372,7,2019-08-11,1
373,7,2021-08-04,1
374,6,2019-08-14,0
375,11,2020-09-07,1
376,8,2021-09-07,1
377,6,2021-09-28,1
378,7,2021-08-23,1
379,6,2021-08-16,1
380,10,2021-09-10,1
381,10,2021-09-16,1
382,9,2018-09-29,1
383,6,2016-08-10,1
384,9,2020-08-15,1
385,6,2020-09-15,0
386,11,2021-09-09,1
387,10,2019-09-05,1
388,11,2020-09-04,1
389,7,2021-08-18,1
390,7,2021-09-03,1
391,7,2021-09-30,1
392,8,2020-08-26,1
393,9,2019-09-08,1
394,11,2020-08-08,1
395,7,2020-09-25,0
396,7,2020-09-15,1
397,10,2021-09-01,1
398,9,2021-09-05,1
399,6,2021-08-01,1
400,11,2020-08-20,1
401,9,2019-09-09,0
402,11,2021-08-16,1
403,9,2020-09-12,1
404,8,2019-09-02,1
405,9,2019-08-06,1
406,10,2021-09-04,1
407,10,2021-08-06,1
408,9,2021-08-27,1
409,8,2018-09-05,1
410,8,2021-09-08,1
411,9,2021-09-06,1
412,8,2021-08-23,1
413,10,2021-09-30,1
414,10,2021-09-29,1
415,9,2018-09-09,0
416,9,2016-08-25,0
417,9,2020-09-23,1
418,10,2020-08-19,1
419,6,2021-09-28,1
420,10,2021-08-15,1
421,11,2021-08-26,1
422,7,2019-08-26,0
423,10,2021-08-16,1
424,11,2020-09-11,1
425,8,2021-09-26,1
426,10,2021-09-15,1
427,9,2020-08-17,1
428,11,2019-08-25,1
429,6,2020-09-05,1
430,6,2018-09-11,0
431,11,2021-08-05,1
432,11,2017-08-08,1
433,6,2021-08-03,1
434,9,2020-08-24,1
435,6,2020-08-08,1
436,8,2021-09-13,1
437,9,2021-09-23,1
438,11,2021-08-05,1
439,7,2018-09-08,1
440,9,2019-09-13,0
441,7,2021-08-24,1
442,11,2019-09-14,1
443,10,2020-08-19,1
444,9,2019-09-17,1
445,9,2021-08-28,1
446,9,2021-09-10,1
447,8,2020-08-05,1
448,8,2019-09-24,1
449,7,2020-09-04,1
450,8,2021-09-14,1
451,10,2020-08-22,1
452,9,2021-09-10,1
453,9,2018-09-21,1
454,8,2019-08-09,1
455,9,2018-08-22,1
456,9,2020-09-22,1
457,11,2021-08-07,1
458,9,2017-08-15,1
459,11,2021-08-15,1
460,7,2020-08-28,1
461,6,2021-09-13,1
462,9,2019-08-04,1
463,6,2021-08-20,1
464,9,2019-08-17,1
465,9,2020-09-08,1
466,10,2020-09-28,1
467,11,2021-08-22,1
468,9,2021-08-14,1
469,7,2020-09-29,1
470,11,2020-08-10,1
471,8,2020-09-06,1
472,8,2019-08-22,1
473,7,2021-08-26,1
474,10,2019-08-14,1
475,7,2021-09-24,1
476,10,2020-09-16,0
477,11,2019-09-29,1
478,8,2018-08-06,1
479,10,2021-08-16,1
480,9,2021-08-18,1
481,6,2021-08-20,1
482,7,2017-08-23,1
483,11,2021-08-09,1
484,11,2020-08-24,1
485,11,2016-09-19,1
486,8,2019-09-09,1
487,9,2021-08-10,1
488,6,2018-08-01,1
489,10,2021-09-09,1
490,11,2017-08-07,1
491,9,2017-08-25,1
492,9,2020-09-10,0
493,11,2021-09-08,1
494,6,2021-09-23,1
495,10,2019-08-23,0
496,8,2018-08-26,1
497,7,2018-09-11,1
498,11,2020-08-14,1
499,9,2018-09-15,1
500,6,2019-08-26,1
501,7,2020-08-01,1
502,9,2021-09-27,1
503,6,2021-09-25,1
504,11,2021-08-26,0
505,10,2020-09-05,1
506,6,2018-08-21,1
507,8,2020-08-12,1
508,10,2021-08-11,1
509,9,2021-09-01,1
510,9,2020-08-04,1
511,6,2019-09-15,0
512,9,2021-09-23,1
513,7,2021-08-30,1
514,10,2021-09-21,1
515,8,2021-09-19,0
516,8,2020-09-14,1
517,6,2017-09-06,1
518,8,2018-08-05,0
519,9,2019-08-19,1
520,9,2020-09-01,1
521,8,2021-09-05,1
522,11,2020-09-11,1
523,11,2019-08-26,0
524,9,2020-08-15,1
525,9,2020-08-15,1
526,11,2021-09-15,1
527,9,2020-09-17,1
528,7,2018-09-23,1
529,11,2021-09-18,1
530,7,2019-08-16,1
531,6,2020-08-10,1
532,8,2021-09-15,1
533,7,2017-09-22,1
534,7,2019-08-28,1
535,11,2021-09-22,1
536,9,2021-08-06,1
537,6,2021-09-04,1
538,11,2021-08-22,1
539,7,2016-09-29,1
540,6,2021-09-02,1
541,11,2021-09-28,1
542,10,2020-08-27,1
543,6,2021-08-29,1
544,8,2021-09-19,1
545,10,2018-09-01,1
546,6,2020-09-22,1
547,8,2016-09-18,1
548,7,2016-08-20,1
549,11,2021-08-26,1
550,10,2019-09-29,1
551,9,2020-08-30,1
552,10,2021-09-25,1
553,8,2019-08-08,1
554,11,2019-09-10,1
555,10,2021-09-17,1
556,11,2020-08-10,1
557,9,2020-08-28,1
558,10,2021-08-07,1
559,8,2016-08-07,1
560,11,2020-08-17,1
561,10,2020-09-23,1
562,6,2021-09-24,1
563,9,2018-08-25,1
564,9,2020-09-09,1
565,8,2019-09-06,0
566,9,2019-08-04,1
567,6,2021-08-26,1
568,10,2017-09-06,1
569,6,2021-08-29,1
570,9,2019-08-31,1
571,11,2019-09-17,1
572,10,2021-08-13,1
573,8,2017-08-01,1
574,7,2018-09-14,1
575,8,2021-09-02,1
576,10,2021-08-24,1
577,7,2018-09-16,1
578,8,2019-09-28,1
579,10,2018-08-29,1
580,10,2021-09-30,1
581,7,2017-08-08,1
582,8,2021-09-15,1
583,8,2020-08-06,1
584,9,2019-08-23,1
585,7,2021-09-03,0
586,11,2019-09-29,1
587,11,2021-09-05,1
588,7,2021-09-30,1
589,9,2021-09-10,1
590,9,2020-08-27,1
591,8,2021-08-27,1
592,10,2017-09-23,1
593,7,2021-08-21,1
594,7,2020-09-06,1
595,9,2017-08-20,1
596,8,2021-09-10,1
597,6,2021-08-02,1
598,6,2021-09-29,1
599,8,2021-09-14,1
600,8,2021-08-08,1
601,8,2021-08-07,1
602,8,2021-09-11,1
603,9,2019-09-28,0
604,11,2019-08-11,1
605,10,2020-09-13,1
606,6,2019-08-01,1
607,8,2019-08-07,1
608,10,2018-09-09,1
609,11,2021-09-04,1
610,6,2020-08-21,1
611,7,2021-08-29,1
612,8,2021-08-29,1
613,7,2019-09-11,1
614,9,2020-08-23,1
615,8,2021-08-19,1
616,8,2020-09-28,1
617,7,2019-08-09,1
618,7,2019-09-14,1
619,7,2017-09-19,1
620,8,2018-09-19,1
621,10,2021-09-12,1
622,7,2019-09-26,1
623,7,2018-09-10,1
624,7,2020-08-30,0
625,11,2021-09-14,1
626,8,2017-08-27,1
627,8,2020-09-25,0
628,11,2021-08-06,1
629,8,2021-09-17,1
630,9,2021-09-13,1
631,10,2021-09-27,1
632,6,2017-09-09,1
633,10,2021-09-16,1
634,7,2017-08-24,1
635,9,2021-09-06,1
636,6,2021-09-17,1
637,7,2021-09-04,1
638,9,2018-08-13,1
639,8,2020-09-03,0
640,11,2017-09-30,1
641,10,2021-08-13,1
642,9,2021-08-10,1
643,10,2020-09-05,1
644,11,2016-09-28,1
645,7,2017-08-11,1
646,8,2020-09-26,1
647,6,2021-08-14,1
648,8,2018-08-21,1
649,9,2017-08-07,1
650,7,2019-09-27,1
651,11,2021-09-30,1
652,7,2020-08-31,1
653,10,2021-08-21,1
654,11,2016-08-15,1
655,9,2018-08-04,1
656,7,2021-08-07,1
657,7,2021-09-30,1
658,11,2020-08-23,0
659,11,2020-08-29,1
660,9,2020-08-21,1
661,9,2021-09-24,1
662,7,2017-09-05,1
663,11,2021-08-17,1
664,9,2018-08-13,1
665,10,2020-08-25,1
666,8,2019-09-09,1
667,10,2018-09-19,1
668,7,2018-08-23,1
669,10,2020-08-24,0
670,6,2021-09-14,1
671,8,2021-09-17,1
672,6,2021-08-28,1
673,7,2017-09-09,1
674,8,2020-08-23,1
675,8,2021-08-26,1
676,9,2021-08-10,1
677,11,2020-08-27,1
678,6,2021-08-16,1
679,9,2020-09-07,1
680,7,2020-09-27,1
681,11,2021-08-06,1
682,11,2020-09-11,1
683,9,2020-09-18,1
684,7,2021-09-23,1
685,9,2019-09-27,1
686,6,2020-08-08,1
687,6,2021-09-28,1
688,8,2020-09-22,1
689,7,2019-08-21,1
690,9,2017-08-05,1
691,6,2021-08-09,1
692,9,2019-09-12,1
693,7,2021-08-20,1
694,7,2021-09-26,1
695,6,2021-09-09,1
696,7,2017-08-03,1
697,7,2021-08-07,1
698,6,2016-08-07,1
699,10,2021-08-31,0
700,7,2021-09-19,1
701,6,2018-09-10,1
702,6,2021-08-29,1
703,10,2018-09-12,0
704,8,2019-08-25,1
705,9,2016-08-28,1
706,9,2020-09-07,1
707,7,2021-08-03,1
708,8,2019-08-19,1
709,6,2021-09-10,1
710,6,2016-08-26,1
711,6,2021-09-10,1
712,11,2021-09-22,1
713,6,2018-08-09,0
714,6,2019-09-13,1
715,7,2021-08-02,1
716,6,2021-09-09,1
717,11,2017-08-31,1
718,10,2020-08-13,1
719,9,2017-09-16,1
720,6,2020-09-23,1
721,11,2020-09-24,1
722,8,2017-09-12,1
723,9,2020-09-11,1
724,9,2019-08-29,1
725,11,2021-09-13,1
726,11,2021-09-30,1
727,9,2019-08-16,0
728,6,2018-08-11,1
729,10,2021-08-01,1
730,10,2021-08-02,1
731,7,2019-09-04,1
732,6,2018-09-24,1
733,8,2019-09-13,1
734,11,2021-08-19,1
735,6,2021-09-05,1
736,8,2020-08-14,1
737,6,2021-08-15,1
738,11,2020-09-07,1
739,8,2018-08-11,1
740,11,2019-08-28,1
741,9,2020-08-07,0
742,7,2021-09-16,1
743,6,2021-08-25,1
744,6,2019-09-13,0
745,9,2016-09-01,1
746,10,2020-08-29,1
747,9,2020-08-22,1
748,11,2017-08-09,1
749,7,2016-08-11,1
750,9,2021-09-22,0
751,11,2021-08-02,1
752,10,2021-09-01,1
753,11,2021-08-31,1
754,8,2021-08-20,1
755,10,2018-09-13,1
756,8,2019-08-20,1
757,9,2020-09-01,1
758,9,2020-08-06,0
759,8,2019-08-20,1
760,11,2021-08-26,1
761,7,2020-09-04,1
762,8,2020-08-15,1
763,11,2017-08-05,1
764,9,2020-08-13,1
765,9,2020-09-29,1
766,10,2021-08-14,1
767,6,2019-09-21,0
768,10,2018-09-11,1
769,11,2020-09-25,1
770,10,2020-09-13,1
771,10,2021-09-22,1
772,7,2021-08-24,1
773,9,2021-09-01,1
774,7,2019-09-13,0
775,9,2021-09-06,1
776,9,2021-08-09,1
777,11,2018-08-02,1
778,11,2021-08-19,1
779,10,2021-09-10,1
780,9,2020-08-03,1
781,10,2019-09-22,1
782,6,2021-09-26,1
783,9,2019-08-14,1
784,9,2021-09-02,1
785,10,2021-09-03,1
786,9,2019-08-30,1
787,9,2021-09-26,1
788,6,2020-08-02,1
789,10,2021-08-25,1
790,9,2019-09-09,1
791,10,2021-08-21,1
792,9,2021-08-20,1
793,6,2020-08-09,1
794,9,2019-08-30,1
795,11,2020-08-16,1
796,8,2021-08-12,1
797,8,2020-08-01,1
798,10,2021-09-03,1
799,6,2020-08-29,1
800,7,2020-09-08,1
801,10,2021-08-07,1
802,9,2020-09-17,1
803,11,2019-08-05,1
804,9,2019-09-23,1
805,7,2019-08-09,1
806,11,2018-08-31,1
807,10,2020-08-18,1
808,6,2021-09-26,1
809,9,2021-08-07,1
810,7,2020-09-18,1
811,7,2021-08-20,1
812,9,2019-09-24,1
813,8,2018-08-20,1
814,11,2021-08-01,1
815,11,2019-08-21,1
816,8,2021-09-05,1
817,11,2021-08-14,0
818,10,2020-08-11,1
819,7,2021-08-14,1
820,10,2021-09-21,1
821,11,2020-08-10,1
822,10,2020-08-19,0
823,8,2021-09-29,1
824,6,2018-09-11,1
825,6,2019-08-03,1
826,6,2019-09-03,1
827,10,2016-08-28,1
828,6,2019-09-24,1
829,11,2019-09-22,1
830,9,2021-09-24,1
831,8,2018-09-02,1
832,11,2018-09-23,1
833,6,2019-08-12,1
834,9,2020-09-28,1
835,10,2019-08-04,1
836,9,2021-09-23,1
837,10,2020-08-25,1
838,7,2020-08-12,1
839,11,2021-09-10,0
840,7,2020-08-05,1
841,10,2018-09-30,1
842,8,2019-08-12,1
843,10,2019-09-20,1
844,11,2020-08-19,1
845,6,2019-09-04,1
846,6,2020-09-09,1
847,9,2021-09-26,1
848,8,2021-09-04,1
849,7,2019-09-04,1
850,10,2021-09-09,1
851,6,2021-08-28,1
852,11,2021-08-04,1
853,8,2018-09-01,1
854,8,2018-09-28,1
855,8,2017-08-11,1
856,6,2021-08-28,1
857,8,2019-09-06,1
858,6,2021-09-08,1
859,9,2020-08-11,1
860,11,2021-09-08,1
861,6,2019-09-22,1
862,10,2021-08-13,1
863,10,2019-08-23,1
864,7,2020-08-29,1
865,7,2016-09-15,1
866,10,2017-09-15,1
867,11,2021-08-16,1
868,8,2019-09-06,1
869,6,2017-09-05,1
870,7,2020-09-21,1
871,8,2020-08-19,1
872,9,2020-09-06,1
873,8,2021-09-27,1
874,8,2021-08-22,1
875,7,2021-08-12,1
876,11,2019-09-17,1
877,11,2021-08-08,1
878,9,2019-09-21,1
879,11,2021-08-11,1
880,10,2021-08-10,1
881,8,2021-09-11,1
882,11,2019-08-12,1
883,8,2018-08-24,0
884,9,2021-08-12,1
885,9,2021-09-28,1
886,10,2021-09-18,1
887,10,2021-08-08,1
888,6,2020-09-27,1
889,10,2020-09-09,1
890,9,2021-09-06,1
891,10,2016-09-01,1
892,6,2021-08-06,1
893,7,2018-08-30,1
894,9,2021-09-11,1
895,6,2021-09-13,1
896,6,2021-08-22,1
897,6,2018-08-20,0
898,10,2017-09-18,1
899,6,2020-09-20,1
900,10,2020-09-11,1
901,11,2020-09-27,1
902,7,2020-09-05,1
903,11,2019-09-05,1
904,9,2021-08-25,1
905,7,2021-08-03,1
906,11,2019-08-21,1
907,10,2020-09-19,1
908,9,2021-08-14,1
909,6,2017-08-15,1
910,9,2018-08-09,1
911,8,2020-08-05,1
912,8,2021-08-24,1
913,10,2021-09-12,1
914,8,2021-09-16,1
915,11,2021-08-07,1
916,9,2021-08-06,1
917,7,2021-09-27,1
918,8,2021-08-29,1
919,6,2021-08-22,1
920,8,2021-08-22,1
921,7,2020-08-28,1
922,11,2016-09-24,1
923,7,2020-09-26,1
924,8,2019-08-15,1
925,10,2021-08-13,1
926,7,2021-08-28,1
927,8,2020-08-04,1
928,6,2021-09-11,1
929,7,2019-09-02,1
930,8,2017-08-22,1
931,8,2017-09-28,1
932,8,2021-09-11,1
933,8,2021-09-23,1
934,8,2019-08-12,1
935,10,2021-09-08,1
936,7,2020-09-03,1
937,10,2021-08-10,1
938,9,2021-09-21,1
939,11,2020-09-21,1
940,9,2020-08-17,1
941,10,2021-08-09,1
942,8,2019-09-06,1
943,11,2020-08-19,1
944,8,2016-09-18,1
945,9,2016-08-20,1
946,7,2020-09-26,1
947,11,2021-08-31,1
948,6,2021-08-01,1
949,11,2021-09-05,1
950,9,2021-09-12,1
951,9,2021-08-14,1
952,10,2017-09-03,1
953,10,2021-09-13,1
954,11,2019-09-17,1
955,6,2021-09-25,1
956,6,2021-09-25,1
957,8,2016-08-29,1
958,11,2020-09-26,1
959,8,2018-09-05,1
960,7,2021-09-08,1
961,9,2021-08-19,1
962,6,2021-08-17,1
963,11,2020-08-11,1
964,8,2021-08-15,1
965,9,2021-09-19,1
966,8,2021-09-20,1
967,7,2018-09-09,1
968,6,2021-09-19,1
969,10,2017-08-23,1
970,7,2019-08-29,1
971,10,2017-09-23,1
972,9,2021-09-07,1
973,9,2016-09-18,1
974,9,2017-09-27,1
975,6,2020-09-01,0
976,11,2019-08-23,1
977,10,2020-08-02,1
978,8,2019-09-05,1
979,10,2021-09-09,1
980,8,2019-09-09,1
981,8,2021-09-15,1
982,9,2021-08-30,1
983,7,2021-08-26,1
984,11,2020-08-30,1
985,8,2019-09-09,1
986,11,2016-08-06,1
987,6,2020-08-04,1
988,10,2020-08-27,1
989,9,2020-09-17,1
990,9,2021-08-11,1
991,9,2018-09-15,1
992,11,2020-09-23,1
993,6,2020-08-13,1
994,7,2021-08-08,1
995,6,2021-08-07,1
996,8,2021-09-22,1
997,10,2016-08-11,1
998,11,2018-08-23,0
999,8,2018-08-25,1
1000,8,2021-09-22,1
1001,11,2019-08-24,0
1002,9,2021-08-23,1
1003,9,2021-08-28,1
1004,8,2016-08-31,1
1005,11,2020-09-12,0
1006,11,2020-08-19,1
1007,6,2021-09-16,1
1008,11,2021-09-24,1
1009,6,2020-08-11,1
1010,9,2021-08-04,0
1011,7,2020-09-23,1
1012,9,2017-08-11,1
1013,11,2020-08-22,1
1014,7,2020-09-24,1
1015,8,2018-08-01,1
1016,8,2021-09-04,1
1017,8,2021-08-17,1
1018,8,2021-09-01,1
1019,7,2020-08-29,1
1020,7,2021-08-22,1
1021,9,2021-09-15,1
1022,11,2017-09-11,1
1023,11,2021-08-20,1
1024,11,2021-08-06,1
1025,7,2019-09-03,1
1026,8,2020-08-03,1
1027,11,2020-09-09,1
1028,7,2021-09-13,1
1029,9,2021-08-19,1
1030,9,2020-08-16,1
1031,11,2021-09-08,1
1032,7,2018-09-24,1
1033,7,2020-09-13,1
1034,11,2016-09-02,1
1035,10,2020-09-16,1
1036,11,2020-08-15,1
1037,11,2017-08-29,1
1038,9,2019-09-29,1
1039,9,2020-09-09,1
1040,11,2019-08-19,1
1041,10,2020-09-20,1
1042,9,2018-09-18,0
1043,8,2021-08-30,1
1044,8,2021-09-07,1
1045,11,2021-09-15,1
1046,8,2021-08-10,1
1047,7,2019-08-28,1
1048,6,2021-08-22,1
1049,8,2017-08-08,1
1050,10,2021-09-10,0
1051,11,2020-09-07,1
1052,9,2021-09-28,1
1053,11,2021-09-30,1
1054,7,2020-09-12,1
1055,10,2017-08-31,1
1056,10,2018-08-24,0
1057,7,2020-09-20,1
1058,9,2019-08-25,1
1059,6,2020-09-30,1
1060,6,2018-08-05,1
1061,10,2017-09-05,1
1062,11,2021-08-18,1
1063,8,2020-09-06,0
1064,9,2016-08-29,1
1065,11,2021-09-04,1
1066,10,2019-09-12,1
1067,9,2020-08-21,1
1068,7,2017-09-09,1
1069,10,2019-08-23,1
1070,6,2020-09-04,1
1071,8,2021-08-31,1
1072,6,2019-09-28,1
1073,10,2017-08-13,1
1074,10,2017-08-20,1
1075,8,2019-09-19,1
1076,9,2017-09-28,1
1077,9,2021-08-25,1
1078,7,2017-09-04,1
1079,10,2019-09-25,1
1080,7,2020-08-19,1
1081,9,2021-09-02,1
1082,6,2021-09-16,1
1083,10,2021-09-13,1
1084,7,2021-08-01,1
1085,11,2021-08-19,1
1086,9,2021-08-24,1
1087,11,2021-09-30,1
1088,6,2021-08-14,0
1089,6,2021-09-26,1
1090,8,2021-09-02,1
1091,7,2017-09-25,1
1092,6,2021-09-08,1
1093,11,2020-09-18,1
1094,7,2017-09-24,1
1095,8,2021-09-12,1
1096,11,2019-09-21,1
1097,7,2020-09-24,1
1098,6,2018-08-04,1
1099,7,2017-09-22,1
1100,7,2021-09-25,1
1101,10,2021-08-18,1
1102,11,2020-08-10,1
1103,10,2021-09-19,1
1104,7,2018-08-08,1
1105,9,2020-08-24,1
1106,9,2018-08-11,1
1107,9,2021-09-15,1
1108,6,2020-08-12,1
1109,6,2017-09-02,1
1110,7,2021-09-22,1
1111,8,2020-09-06,1
1112,7,2021-09-26,1
1113,10,2020-09-13,1
1114,7,2021-09-13,1
1115,11,2017-09-06,1
1116,10,2020-09-16,1
1117,6,2020-09-17,1
1118,10,2021-09-22,1
1119,9,2017-09-18,1
1120,6,2021-09-17,1
1121,6,2021-08-12,1
1122,8,2021-09-30,1
1123,6,2020-08-12,1
1124,6,2019-08-09,1
1125,11,2021-09-17,1
1126,7,2020-09-29,1
1127,7,2019-08-07,1
1128,8,2019-09-05,1
1129,7,2020-09-29,1
1130,11,2018-08-11,1
1131,7,2020-08-22,1
1132,8,2019-09-24,1
1133,8,2021-09-19,1
1134,11,2020-09-19,1
1135,6,2020-09-10,1
1136,9,2020-08-21,1
1137,7,2016-08-09,1
1138,6,2020-09-18,1
1139,11,2021-09-17,1
1140,10,2020-08-31,1
1141,7,2021-09-24,1
1142,7,2021-08-26,1
1143,6,2016-09-06,1
1144,8,2020-08-09,1
1145,9,2020-09-17,1
1146,8,2017-09-23,1
1147,10,2021-08-18,1
1148,7,2021-09-20,1
1149,9,2020-09-24,1
1150,8,2019-08-29,1
1151,7,2016-08-16,1
1152,7,2020-09-20,1
1153,7,2017-09-23,1
1154,11,2020-08-27,1
1155,10,2018-09-27,1
1156,9,2021-09-25,1
1157,11,2021-09-15,1
1158,10,2021-08-31,1
1159,7,2021-08-27,1
1160,9,2021-08-13,1
1161,8,2021-09-22,1
1162,7,2020-08-05,1
1163,6,2019-09-22,1
1164,9,2020-09-01,1
1165,6,2021-09-26,1
1166,6,2020-09-15,1
1167,11,2021-09-04,1
1168,10,2021-09-03,1
1169,6,2021-09-29,1
1170,8,2020-09-06,1
1171,9,2016-09-01,1
1172,9,2019-08-04,1
1173,9,2020-08-23,1
1174,6,2021-08-28,1
1175,6,2021-08-04,1
1176,9,2020-09-11,1
1177,10,2021-09-27,1
1178,7,2019-08-02,1
1179,7,2021-08-22,1
1180,7,2020-09-12,1
1181,11,2020-09-02,1
1182,10,2017-08-17,1
1183,11,2018-08-13,1
1184,6,2020-09-24,1
1185,10,2021-08-12,1
1186,10,2021-09-24,1
1187,7,2020-09-30,1
1188,6,2019-09-28,1
1189,6,2021-09-26,1
1190,7,2020-08-31,1
1191,9,2019-08-29,1
1192,7,2018-09-16,1
1193,8,2020-08-25,1
1194,8,2021-09-23,1
1195,6,2021-09-30,1
1196,9,2016-09-15,1
1197,8,2021-09-28,1
1198,11,2020-09-15,1
1199,10,2021-09-08,1
1200,6,2020-09-10,1
1201,11,2021-08-16,1
1202,8,2019-08-28,1
1203,10,2021-09-09,1
1204,7,2019-09-24,1
1205,9,2021-08-14,1
1206,7,2019-09-05,0
1207,7,2019-08-12,1
1208,11,2018-08-02,1
1209,9,2017-08-03,1
1210,6,2018-08-18,1
1211,6,2021-09-24,1
1212,8,2016-08-05,1
1213,6,2021-08-13,1
1214,9,2020-09-10,1
1215,7,2016-08-03,1
1216,6,2019-08-22,1
1217,11,2017-09-27,1
1218,10,2016-09-21,1
1219,8,2019-09-20,0
1220,8,2016-09-16,1
1221,8,2020-08-01,1
1222,6,2021-09-27,1
1223,9,2019-08-15,1
1224,10,2016-09-13,1
1225,10,2021-09-07,0
1226,11,2016-09-14,1
1227,8,2021-08-03,1
1228,6,2017-09-13,1
1229,7,2021-09-10,0
1230,6,2018-08-25,0
1231,9,2021-08-24,1
1232,10,2019-09-02,1
1233,9,2019-09-20,1
1234,8,2019-08-23,1
1235,6,2017-09-09,1
1236,9,2020-08-12,1
1237,11,2021-08-23,1
1238,7,2021-09-19,1
1239,11,2021-08-09,1
1240,11,2019-09-14,0
1241,8,2019-08-26,1
1242,11,2021-08-31,1
1243,8,2021-08-08,1
1244,7,2021-08-25,1
1245,10,2017-09-13,1
1246,9,2018-08-05,1
1247,6,2021-09-01,1
1248,11,2021-09-16,1
1249,7,2019-09-28,1
1250,7,2019-08-12,1
1251,11,2021-09-11,1
1252,6,2018-08-13,1
1253,10,2021-09-15,1
1254,7,2021-09-15,1
1255,8,2021-08-17,1
1256,8,2021-08-26,1
1257,11,2020-08-27,1
1258,6,2016-09-14,1
1259,6,2021-08-30,1
1260,9,2018-09-07,1
1261,6,2019-09-05,1
1262,6,2019-08-19,1
1263,8,2021-08-26,1
1264,10,2020-09-02,1
1265,8,2019-08-26,1
1266,11,2019-08-18,1
1267,11,2016-09-03,1
1268,8,2021-09-14,1
1269,9,2019-09-30,1
1270,11,2020-08-09,1
1271,8,2021-09-02,1
1272,8,2020-08-05,1
1273,11,2019-08-06,1
1274,6,2020-09-09,1
1275,7,2016-09-28,1
1276,6,2021-09-12,1
1277,8,2019-09-24,1
1278,9,2019-09-09,1
1279,8,2021-09-12,1
1280,7,2020-09-23,1
1281,10,2018-09-17,1
1282,6,2021-08-04,1
1283,9,2018-08-17,1
1284,6,2020-09-09,1
1285,11,2020-08-06,1
1286,10,2020-09-22,1
1287,10,2020-09-04,1
1288,9,2016-09-25,1
1289,9,2020-08-09,1
1290,11,2019-08-09,1
1291,9,2018-08-09,1
1292,8,2016-08-08,1
1293,9,2019-09-15,1
1294,9,2018-08-29,0
1295,9,2021-09-09,1
1296,8,2020-09-12,0
1297,11,2020-08-06,1
1298,6,2021-08-02,1
1299,11,2018-09-16,0
1300,6,2020-09-18,1
1301,8,2021-09-05,1
1302,6,2021-08-31,1
1303,11,2021-08-11,1
1304,10,2021-08-07,1
1305,10,2018-08-22,1
1306,8,2019-09-10,1
1307,6,2016-09-02,1
1308,8,2021-08-07,1
1309,9,2019-08-11,1
1310,10,2021-09-20,1
1311,10,2021-08-12,1
1312,9,2020-09-04,1
1313,7,2020-09-20,1
1314,11,2016-08-26,1
1315,7,2019-09-24,1
1316,9,2019-08-28,1
1317,7,2019-08-09,1
1318,6,2021-08-19,1
1319,8,2017-09-03,1
1320,8,2021-08-09,1
1321,10,2020-09-28,1
1322,7,2018-08-04,1
1323,7,2021-09-20,1
1324,9,2021-09-14,1
1325,6,2021-08-16,1
1326,9,2020-08-23,1
1327,7,2019-08-12,1
1328,9,2018-09-04,1
1329,9,2020-08-24,1
1330,8,2019-08-29,1
1331,9,2020-09-16,1
1332,6,2020-08-18,1
1333,7,2021-09-26,1
1334,11,2020-09-15,1
1335,7,2016-09-22,1
1336,10,2021-09-14,1
1337,6,2017-08-14,1
1338,6,2021-09-07,1
1339,7,2021-09-29,1
1340,7,2021-09-25,1
1341,11,2021-09-06,1
1342,8,2020-08-15,1
1343,10,2021-09-29,1
1344,6,2021-09-13,1
1345,8,2020-08-05,1
1346,10,2020-08-20,1
1347,10,2019-09-13,1
1348,10,2019-09-07,1
1349,8,2017-09-07,1
1350,6,2019-09-20,1
1351,10,2021-09-10,1
1352,11,2019-09-05,1
1353,6,2019-09-12,1
1354,8,2019-09-22,0
1355,11,2021-09-28,1
1356,8,2020-08-31,1
1357,11,2017-09-07,1
1358,6,2019-09-14,1
1359,7,2021-09-07,1
1360,10,2020-09-07,1
1361,6,2021-09-25,1
1362,6,2019-09-13,1
1363,9,2020-09-10,1
1364,8,2020-08-19,1
1365,10,2019-08-12,0
1366,9,2020-08-02,1
1367,11,2021-09-12,1
1368,11,2021-09-15,0
1369,11,2018-08-24,1
1370,6,2020-09-10,1
1371,9,2021-08-03,1
1372,10,2021-09-25,1
1373,9,2021-08-02,1
1374,8,2018-08-13,1
1375,9,2021-09-18,1
1376,10,2019-08-17,1
1377,6,2021-08-17,1
1378,10,2021-09-06,1
1379,11,2021-08-15,1
1380,7,2021-08-16,1
1381,10,2016-09-09,0
1382,7,2021-09-17,1
1383,8,2019-09-02,1
1384,9,2021-08-19,1
1385,6,2017-09-14,1
1386,6,2017-09-05,1
1387,10,2019-08-11,1
1388,11,2021-09-22,1
1389,10,2019-08-01,1
1390,11,2020-09-21,1
1391,9,2016-08-13,1
1392,10,2021-08-30,1
1393,8,2021-08-17,1
1394,9,2020-09-07,0
1395,6,2016-08-01,1
1396,6,2020-08-22,1
1397,9,2020-09-26,1
1398,9,2021-09-10,1
1399,6,2021-09-28,1
1400,9,2021-08-06,1
1401,7,2021-09-08,1
1402,6,2019-08-09,0
1403,10,2019-09-23,1
1404,9,2021-09-03,1
1405,8,2021-08-18,1
1406,7,2017-08-11,1
1407,6,2020-09-13,1
1408,8,2020-09-15,1
1409,6,2021-08-17,1
1410,8,2021-09-19,1
1411,8,2021-08-27,1
1412,7,2021-08-16,1
1413,8,2021-08-08,1
1414,11,2021-08-21,1
1415,8,2019-09-16,1
1416,8,2021-09-01,1
1417,9,2016-08-15,1
1418,11,2018-09-15,0
1419,7,2020-09-27,1
1420,10,2021-09-17,1
1421,8,2018-08-24,1
1422,11,2020-09-14,1
1423,10,2021-09-29,1
1424,9,2021-08-08,1
1425,7,2021-08-02,1
1426,11,2021-08-02,1
1427,7,2019-09-10,1
1428,8,2020-09-09,1
1429,6,2019-08-20,1
1430,10,2019-09-24,1
1431,7,2021-09-27,1
1432,9,2019-08-31,0
1433,9,2017-09-02,1
1434,7,2021-08-29,1
1435,11,2021-08-13,0
1436,7,2017-09-27,0
1437,7,2019-08-13,1
1438,6,2018-09-26,1
1439,8,2019-08-31,1
1440,11,2016-08-23,1
1441,11,2019-08-07,1
1442,6,2020-08-28,1
1443,8,2017-09-09,1
1444,6,2020-09-14,1
1445,11,2021-08-28,1
1446,6,2020-09-22,1
1447,10,2018-09-28,1
1448,7,2020-08-30,1
1449,10,2019-08-06,1
1450,9,2021-08-26,1
1451,11,2021-09-18,0
1452,11,2021-09-15,1
1453,11,2021-09-17,1
1454,10,2020-08-27,1
1455,10,2020-08-19,1
1456,7,2016-09-30,1
1457,7,2021-08-23,1
1458,9,2020-08-05,1
1459,9,2020-09-17,1
1460,6,2019-09-17,1
1461,9,2021-09-30,1
1462,7,2021-08-16,1
1463,8,2021-08-04,1
1464,9,2020-08-22,1
1465,6,2021-09-16,1
1466,10,2019-08-27,1
1467,7,2021-08-01,1
1468,9,2018-08-17,0
1469,10,2021-08-14,1
1470,7,2016-08-30,1
1471,7,2020-08-09,1
1472,10,2019-09-07,1
1473,8,2018-08-15,1
1474,7,2018-09-25,0
1475,6,2018-08-22,1
1476,6,2020-08-06,1
1477,11,2020-09-18,1
1478,8,2020-08-06,1
1479,8,2020-09-14,1
1480,11,2021-08-15,1
1481,11,2020-08-13,1
1482,11,2020-09-10,1
1483,10,2021-09-14,1
1484,7,2019-08-09,1
1485,6,2021-08-20,1
1486,9,2021-09-22,1
1487,8,2018-08-24,0
1488,9,2020-08-28,1
1489,9,2019-09-11,1
1490,8,2020-08-07,1
1491,7,2021-09-08,1
1492,6,2021-08-16,1
1493,11,2020-08-24,1
1494,11,2019-09-01,0
1495,7,2020-09-03,1
1496,11,2016-08-10,1
1497,7,2021-09-06,1
1498,6,2018-08-11,1
1499,7,2021-08-09,1
1500,6,2016-09-27,1
1501,10,2021-08-15,0
1502,11,2016-08-21,1
1503,6,2021-09-22,1
1504,7,2019-09-15,1
1505,9,2019-09-02,1
1506,6,2019-08-01,1
1507,7,2021-08-21,1
1508,7,2018-08-20,1
1509,6,2021-09-26,1
1510,7,2021-09-03,1
1511,11,2016-09-29,1
1512,8,2021-08-11,1
1513,10,2020-09-04,1
1514,10,2020-08-09,1
1515,8,2020-08-26,1
1516,6,2019-09-01,1
1517,10,2021-09-27,1
1518,8,2021-09-29,1
1519,10,2020-09-09,1
1520,10,2020-09-25,1
1521,10,2016-09-02,1
1522,8,2018-08-21,0
1523,11,2018-08-31,1
1524,6,2021-08-30,1
1525,11,2020-08-04,1
1526,7,2019-08-30,1
1527,11,2020-08-14,0
1528,8,2021-08-13,1
1529,8,2020-08-01,1
1530,9,2021-08-26,1
1531,8,2020-08-16,1
1532,11,2020-08-26,1
1533,8,2021-08-26,1
1534,9,2021-08-28,1
1535,9,2020-09-09,1
1536,8,2018-09-05,1
1537,6,2017-08-22,1
1538,9,2021-08-28,1
1539,8,2021-08-26,1
1540,11,2021-09-04,1
1541,6,2019-09-22,1
1542,8,2021-09-28,1
1543,8,2020-08-22,1
1544,6,2018-08-16,1
1545,9,2017-09-01,1
1546,10,2016-08-09,1
1547,11,2021-09-13,1
1548,7,2019-08-09,1
1549,7,2020-09-08,1
1550,11,2019-08-04,1
1551,6,2020-09-02,1
1552,10,2020-09-23,1
1553,10,2018-09-15,0
1554,10,2020-09-04,1
1555,7,2021-08-19,1
1556,8,2021-09-10,1
1557,8,2021-09-05,1
1558,10,2021-09-13,1
1559,8,2020-09-22,1
1560,10,2016-09-05,1
1561,7,2019-09-10,1
1562,10,2017-08-04,1
1563,9,2021-09-23,1
1564,10,2019-08-21,1
1565,9,2021-09-26,1
1566,11,2020-08-30,1
1567,8,2021-09-13,1
1568,7,2020-09-25,1
1569,10,2020-08-26,1
1570,7,2018-08-20,1
1571,10,2020-09-02,1
1572,6,2016-08-30,1
1573,11,2021-09-01,1
1574,9,2021-08-14,1
1575,6,2019-08-20,1
1576,11,2021-09-12,1
1577,8,2020-09-10,1
1578,10,2021-09-13,1
1579,10,2019-09-07,1
1580,11,2021-08-20,1
1581,8,2018-08-11,1
1582,8,2019-08-09,1
1583,7,2021-09-26,1
1584,10,2020-09-25,1
1585,6,2017-09-22,0
1586,9,2021-08-02,1
1587,7,2018-08-23,0
1588,9,2021-08-10,1
1589,7,2021-08-17,1
1590,7,2021-08-27,1
1591,11,2021-09-07,1
1592,10,2016-09-18,1
1593,7,2020-08-19,1
1594,9,2021-08-11,1
1595,6,2021-09-13,1
1596,7,2021-09-17,1
1597,6,2020-09-04,1
1598,8,2020-09-12,1
1599,6,2017-08-01,1
1600,6,2018-08-22,1
1601,9,2018-09-06,1
1602,6,2021-08-25,1
1603,8,2020-08-13,1
1604,10,2017-09-04,1
1605,8,2020-09-05,1
1606,9,2017-09-09,0
1607,7,2020-08-06,1
1608,9,2020-09-04,0
1609,6,2019-09-02,1
1610,8,2021-09-08,1
1611,9,2020-08-07,1
1612,8,2019-08-04,1
1613,10,2018-08-29,1
1614,8,2018-09-04,1
1615,8,2019-08-09,1
1616,6,2017-09-28,1
1617,11,2020-09-20,1
1618,7,2018-09-20,1
1619,9,2018-08-03,1
1620,7,2021-08-29,1
1621,7,2020-08-09,1
1622,6,2019-09-21,1
1623,6,2021-09-27,1
1624,11,2020-09-27,0
1625,9,2021-08-31,1
1626,8,2021-08-21,1
1627,11,2021-09-19,1
1628,6,2021-09-26,1
1629,10,2020-09-22,1
1630,8,2021-09-16,1
1631,9,2018-09-02,0
1632,7,2021-09-21,1
1633,11,2020-08-06,1
1634,8,2021-08-06,1
1635,7,2020-08-23,0
1636,7,2021-09-30,1
1637,10,2019-09-07,1
1638,10,2021-09-09,1
1639,9,2021-08-15,1
1640,10,2019-08-07,1
1641,6,2021-09-01,1
1642,7,2021-08-01,1
1643,10,2016-08-19,1
1644,6,2020-08-17,1
1645,8,2019-08-17,1
1646,6,2018-08-15,1
1647,8,2018-09-14,1
1648,8,2020-08-29,1
1649,7,2021-08-28,1
1650,9,2019-09-08,1
1651,9,2021-09-27,1
1652,6,2021-09-06,1
1653,9,2020-09-25,1
1654,9,2018-09-15,1
1655,8,2018-08-26,0
1656,9,2020-08-14,1
1657,10,2021-09-22,1
1658,8,2020-09-08,1
1659,6,2021-08-30,1
1660,6,2021-08-23,1
1661,11,2021-08-11,1
1662,8,2021-08-10,1
1663,9,2020-08-10,1
1664,10,2021-08-23,1
1665,11,2017-08-03,1
1666,9,2021-09-22,1
1667,9,2021-09-17,1
1668,6,2020-09-16,1
1669,9,2020-08-01,1
1670,10,2021-08-18,1
1671,7,2020-09-30,1
1672,8,2021-08-22,1
1673,7,2020-09-23,0
1674,7,2019-08-10,1
1675,6,2018-08-15,1
1676,6,2016-09-09,1
1677,10,2021-08-22,1
1678,8,2020-09-18,1
1679,7,2017-09-01,1
1680,7,2019-09-28,1
1681,10,2021-08-24,1
1682,6,2021-09-25,1
1683,7,2021-09-06,1
1684,10,2018-08-24,1
1685,7,2020-08-29,1
1686,11,2020-08-24,1
1687,11,2018-08-20,1
1688,7,2018-08-03,1
1689,7,2021-09-15,1
1690,8,2019-08-15,1
1691,11,2020-09-13,1
1692,6,2020-09-01,1
1693,6,2016-08-07,0
1694,10,2021-09-12,1
1695,11,2019-08-05,1
1696,10,2017-09-03,1
1697,8,2021-08-07,1
1698,11,2020-09-10,1
1699,6,2021-09-10,1
1700,8,2021-09-23,1
1701,9,2020-08-23,0
1702,6,2021-09-19,1
1703,10,2021-08-05,1
1704,11,2021-08-26,1
1705,7,2019-08-18,1
1706,8,2021-08-01,1
1707,7,2020-08-09,1
1708,11,2021-09-15,1
1709,8,2018-08-10,0
1710,11,2021-09-06,0
1711,9,2020-08-16,1
1712,8,2020-09-22,1
1713,6,2020-08-15,1
1714,8,2019-08-14,1
1715,10,2016-08-21,1
1716,10,2017-08-25,1
1717,10,2019-08-22,1
1718,9,2021-09-15,1
1719,9,2017-09-19,1
1720,6,2020-08-06,1
1721,7,2020-08-26,0
1722,6,2021-09-05,1
1723,9,2021-08-13,1
1724,10,2021-09-18,1
1725,10,2021-09-26,1
1726,7,2021-08-23,1
1727,11,2021-09-26,1
1728,9,2021-08-12,1
1729,8,2021-09-06,1
1730,7,2017-08-28,1
1731,11,2016-09-05,1
1732,6,2021-09-12,1
1733,11,2018-08-15,1
1734,7,2018-08-15,1
1735,10,2021-08-24,1
1736,10,2016-08-24,1
1737,10,2020-08-13,1
1738,8,2020-08-31,1
1739,9,2021-08-15,1
1740,10,2016-09-17,1
1741,11,2021-08-01,1
1742,6,2020-08-04,1
1743,6,2021-08-30,1
1744,11,2019-08-28,1
1745,7,2019-08-11,1
1746,6,2020-09-05,1
1747,10,2021-09-14,1
1748,10,2021-09-27,1
1749,7,2017-08-13,1
1750,9,2021-09-22,1
1751,10,2021-09-21,1
1752,8,2021-08-23,1
1753,9,2016-09-15,1
1754,11,2019-08-14,0
1755,9,2021-08-20,1
1756,11,2021-09-17,1
1757,6,2019-08-06,1
1758,9,2020-08-22,1
1759,6,2020-08-31,1
1760,7,2020-09-24,1
1761,7,2020-08-14,1
1762,9,2019-08-16,1
1763,6,2021-08-07,1
1764,9,2021-08-12,1
1765,7,2020-09-06,1
1766,9,2021-08-26,1
1767,10,2020-09-06,1
1768,7,2020-09-10,1
1769,9,2020-08-31,1
1770,6,2021-09-02,1
1771,8,2021-08-02,1
1772,8,2019-09-02,1
1773,9,2021-09-16,1
1774,11,2021-09-22,1
1775,11,2021-08-05,1
1776,11,2020-08-19,1
1777,9,2020-08-05,1
1778,10,2020-08-18,1
1779,7,2021-08-31,0
1780,6,2019-08-21,0
1781,9,2019-09-12,1
1782,11,2021-08-06,1
1783,11,2016-09-05,1
1784,9,2019-08-24,1
1785,11,2021-09-28,1
1786,10,2019-09-05,1
1787,9,2021-08-24,1
1788,6,2018-08-20,1
1789,6,2020-08-07,1
1790,9,2021-09-10,1
1791,11,2021-09-12,1
1792,8,2019-09-25,0
1793,7,2019-08-06,1
1794,11,2021-08-17,1
1795,8,2016-09-17,1
1796,6,2016-08-15,0
1797,7,2021-09-01,1
1798,10,2020-08-14,0
1799,10,2021-09-14,1
1800,8,2021-08-07,1
1801,10,2021-09-03,1
1802,10,2021-09-01,1
1803,8,2021-08-24,1
1804,7,2021-08-04,0
1805,6,2018-08-03,0
1806,9,2021-08-14,1
1807,10,2019-09-01,1
1808,9,2021-08-07,1
1809,6,2018-08-21,1
1810,9,2020-09-28,1
1811,8,2021-08-28,1
1812,9,2016-08-10,1
1813,7,2020-08-26,1
1814,10,2017-08-06,1
1815,6,2018-08-12,1
1816,9,2019-09-20,1
1817,7,2021-09-18,1
1818,7,2021-09-30,1
1819,7,2019-08-12,1
1820,8,2020-08-22,1
1821,6,2020-09-11,1
1822,10,2019-09-11,1
1823,11,2017-08-06,1
1824,11,2018-09-19,1
1825,10,2020-09-01,1
1826,7,2021-09-14,1
1827,7,2019-08-22,1
1828,9,2019-09-18,1
1829,8,2021-08-06,1
1830,9,2021-09-01,1
1831,9,2019-09-10,1
1832,10,2021-09-29,1
1833,6,2016-09-10,0
1834,6,2021-08-05,1
1835,7,2019-09-17,1
1836,7,2019-08-25,1
1837,7,2019-08-13,1
1838,9,2021-08-16,1
1839,10,2021-08-09,1
1840,9,2021-09-09,1
1841,9,2020-09-04,1
1842,6,2019-08-27,1
1843,9,2021-08-28,1
1844,9,2017-09-26,1
1845,6,2020-09-02,1
1846,6,2021-08-25,1
1847,6,2019-09-24,1
1848,9,2021-08-03,1
1849,11,2020-08-23,1
1850,8,2018-08-23,1
1851,9,2019-09-25,1
1852,8,2021-09-25,0
1853,6,2021-08-22,1
1854,6,2020-09-16,1
1855,10,2021-08-27,1
1856,10,2021-08-25,1
1857,7,2021-08-02,0
1858,7,2021-09-22,1
1859,8,2020-08-14,1
1860,7,2018-08-15,1
1861,9,2020-08-14,1
1862,9,2017-08-29,1
1863,6,2017-08-10,1
1864,11,2021-08-02,1
1865,6,2016-09-01,1
1866,6,2020-09-17,1
1867,6,2018-08-22,1
1868,11,2021-09-01,1
1869,8,2021-08-26,1
1870,6,2019-09-25,1
1871,7,2021-08-02,1
1872,11,2016-09-09,0
1873,6,2021-08-28,1
1874,9,2021-08-10,1
1875,10,2020-09-23,1
1876,9,2021-08-12,1
1877,9,2021-09-16,1
1878,7,2019-09-21,1
1879,11,2018-09-25,1
1880,10,2020-08-26,1
1881,11,2020-08-24,1
1882,10,2021-08-18,1
1883,11,2020-08-08,1
1884,10,2020-09-10,1
1885,7,2021-09-19,1
1886,7,2021-08-07,1
1887,9,2021-08-07,1
1888,11,2018-09-27,1
1889,10,2021-09-01,1
1890,11,2021-08-22,1
1891,6,2021-09-11,1
1892,6,2021-08-26,1
1893,11,2021-09-07,1
1894,7,2019-09-06,1
1895,10,2021-09-15,1
1896,10,2021-09-05,1
1897,7,2021-09-24,1
1898,9,2021-08-31,1
1899,9,2021-08-27,1
1900,8,2020-09-07,1
1901,11,2021-09-08,1
1902,6,2018-08-02,1
1903,9,2020-08-01,1
1904,7,2016-08-23,1
1905,7,2020-09-09,1
1906,8,2021-08-01,1
1907,7,2021-08-21,1
1908,9,2016-09-18,1
1909,7,2020-09-17,1
1910,8,2020-09-02,1
1911,9,2017-09-01,1
1912,7,2021-08-16,1
1913,11,2021-08-15,0
1914,7,2021-08-09,1
1915,11,2020-08-15,1
1916,10,2018-08-04,1
1917,8,2020-08-18,1
1918,11,2021-08-06,1
1919,7,2021-09-28,1
1920,6,2018-09-13,1
1921,8,2021-09-23,1
1922,7,2019-08-21,1
1923,10,2021-08-30,1
1924,11,2019-08-25,1
1925,9,2020-08-31,1
1926,6,2021-08-07,1
1927,11,2021-09-07,1
1928,8,2019-09-19,1
1929,11,2017-09-08,1
1930,9,2019-09-03,1
1931,8,2021-09-09,1
1932,8,2020-08-24,1
1933,8,2020-08-09,1
1934,10,2020-09-08,0
1935,6,2020-08-13,1
1936,8,2021-09-22,1
1937,11,2021-09-23,1
1938,6,2020-09-26,1
1939,7,2018-09-14,1
1940,8,2018-09-09,1
1941,8,2021-08-14,1
1942,8,2020-08-17,1
1943,8,2021-08-26,1
1944,11,2021-09-22,1
1945,6,2020-09-18,1
1946,8,2021-09-28,1
1947,8,2021-08-27,0
1948,10,2021-08-23,1
1949,7,2021-08-31,1
1950,9,2018-09-08,1
1951,6,2021-09-15,1
1952,9,2018-09-26,1
1953,6,2021-09-22,1
1954,7,2021-09-29,1
1955,9,2016-08-02,1
1956,9,2020-09-15,1
1957,9,2016-08-30,1
1958,9,2019-08-10,1
1959,6,2020-09-19,1
1960,7,2021-08-14,1
1961,8,2021-08-03,1
1962,9,2020-08-15,1
1963,10,2020-08-13,1
1964,11,2020-09-26,1
1965,11,2017-08-06,1
1966,10,2021-08-07,1
1967,6,2021-08-22,1
1968,8,2020-09-03,1
1969,6,2020-09-20,1
1970,10,2020-09-01,1
1971,9,2021-09-06,1
1972,10,2021-09-27,1
1973,6,2021-09-02,1
1974,9,2021-08-20,1
1975,7,2021-09-30,1
1976,7,2019-09-04,1
1977,7,2021-08-17,1
1978,11,2021-08-07,1
1979,11,2019-09-24,1
1980,7,2019-09-21,1
1981,7,2021-08-09,1
1982,9,2019-08-12,1
1983,9,2020-09-24,1
1984,10,2021-08-29,1
1985,7,2021-09-25,1
1986,8,2021-08-11,1
1987,10,2021-09-06,1
1988,10,2016-08-29,1
1989,7,2021-09-29,1
1990,8,2021-09-17,1
1991,6,2021-09-03,1
1992,10,2016-09-15,1
1993,6,2020-08-22,1
1994,9,2021-08-29,1
1995,7,2021-09-30,1
1996,7,2021-09-30,1
1997,11,2021-08-30,1
1998,8,2018-08-29,1
1999,7,2016-09-13,1
2000,11,2021-08-26,0
2001,8,2020-08-10,1
2002,9,2017-08-20,1
2003,6,2021-08-21,1
2004,6,2021-09-07,1
2005,8,2016-08-08,1
2006,10,2019-09-26,1
2007,7,2019-08-24,1
2008,6,2021-08-24,1
2009,7,2020-08-25,1
2010,7,2016-08-29,1
2011,7,2021-09-02,1
2012,9,2021-09-25,1
2013,6,2021-08-23,1
2014,6,2021-08-12,1
2015,9,2021-08-03,1
2016,11,2021-08-26,1
2017,10,2021-09-11,1
2018,9,2021-09-06,1
2019,7,2018-09-17,1
2020,8,2021-09-22,1
2021,9,2021-09-05,1
2022,8,2021-09-19,1
2023,9,2018-09-27,0
2024,11,2021-09-10,1
2025,8,2021-09-25,1
2026,10,2018-08-01,1
2027,6,2016-08-16,1
2028,7,2016-09-14,1
2029,7,2021-08-29,1
2030,11,2020-08-27,1
2031,9,2021-08-19,1
2032,9,2021-08-27,1
2033,6,2018-09-03,1
2034,7,2020-09-03,1
2035,6,2019-08-18,1
2036,7,2021-08-15,1
2037,10,2020-08-06,1
2038,6,2018-09-06,1
2039,10,2019-09-10,1
2040,11,2018-08-17,1
2041,10,2020-08-25,1
2042,10,2017-08-09,1
2043,6,2021-08-07,1
2044,8,2017-08-11,1
2045,6,2020-08-14,1
2046,7,2019-09-12,1
2047,6,2021-09-27,0
2048,6,2017-09-16,1
2049,6,2017-08-11,1
2050,6,2021-08-04,1
2051,7,2021-08-15,1
2052,6,2021-09-26,1
2053,8,2021-08-17,1
2054,10,2020-09-13,1
2055,10,2018-08-03,1
2056,9,2020-08-23,1
2057,7,2019-09-01,1
2058,10,2017-08-21,1
2059,9,2018-08-22,1
2060,8,2020-08-25,1
2061,8,2021-09-24,1
2062,8,2021-08-08,1
2063,11,2021-08-30,1
2064,6,2020-08-25,1
2065,9,2021-08-03,1
2066,9,2021-08-15,1
2067,11,2021-09-16,1
2068,10,2021-08-17,1
2069,9,2021-09-13,1
2070,8,2020-08-16,1
2071,10,2020-08-25,1
2072,11,2021-09-11,1
2073,7,2020-08-28,1
2074,11,2018-09-11,1
2075,7,2021-09-12,1
2076,11,2020-08-08,1
2077,8,2021-09-16,1
2078,7,2020-08-03,1
2079,7,2020-09-11,1
2080,8,2020-09-26,1
2081,9,2021-09-29,0
2082,6,2020-08-10,1
2083,10,2021-08-31,1
2084,10,2019-09-13,1
2085,7,2021-08-04,1
2086,7,2020-08-30,1
2087,11,2020-08-05,0
2088,6,2019-08-15,1
2089,8,2021-09-03,0
2090,10,2021-08-12,1
2091,9,2021-08-31,1
2092,10,2021-09-14,1
2093,8,2020-09-25,1
2094,7,2021-09-14,1
2095,10,2020-08-27,1
2096,9,2021-08-13,1
2097,10,2021-08-28,1
2098,7,2021-09-03,1
2099,9,2018-08-13,1
2100,7,2020-09-16,1
2101,11,2019-08-02,1
2102,10,2020-09-21,1
2103,9,2020-09-20,1
2104,9,2019-08-25,1
2105,10,2016-09-29,1
2106,7,2021-08-18,1
2107,7,2020-09-06,1
2108,6,2021-09-11,1
2109,7,2018-08-16,1
2110,11,2021-09-10,1
2111,6,2020-09-17,1
2112,6,2021-09-04,1
2113,8,2020-08-30,1
2114,8,2020-08-22,1
2115,6,2016-09-17,1
2116,9,2020-08-31,1
2117,7,2021-08-05,1
2118,11,2018-08-09,1
2119,8,2019-08-07,1
2120,7,2021-09-04,1
2121,10,2019-09-08,1
2122,6,2020-08-02,1
2123,9,2016-08-29,1
2124,11,2021-08-27,1
2125,9,2019-08-10,1
2126,11,2021-08-05,1
2127,11,2021-09-01,1
2128,7,2018-08-13,1
2129,11,2021-09-19,1
2130,6,2016-09-08,1
2131,7,2020-08-29,1
2132,11,2016-09-01,1
2133,11,2021-09-18,1
2134,6,2021-08-25,1
2135,9,2020-08-21,1
2136,9,2020-08-11,1
2137,11,2019-09-11,1
2138,10,2021-09-02,1
2139,6,2021-08-28,1
2140,8,2021-09-18,1
2141,9,2021-08-25,1
2142,7,2020-08-16,1
2143,11,2020-08-11,1
2144,10,2019-08-22,1
2145,9,2021-09-07,1
2146,7,2021-09-14,1
2147,9,2020-08-06,0
2148,8,2019-09-16,1
2149,11,2020-08-16,1
2150,7,2020-08-31,1
2151,6,2018-08-11,1
2152,6,2017-08-29,1
2153,8,2020-09-10,1
2154,10,2019-08-08,1
2155,9,2021-08-11,1
2156,10,2020-09-04,1
2157,6,2017-08-29,1
2158,7,2019-08-12,1
2159,11,2021-09-15,1
2160,8,2021-08-07,1
2161,7,2019-08-29,1
2162,10,2021-09-23,1
2163,7,2021-08-29,1
2164,7,2021-08-25,1
2165,10,2019-08-09,1
2166,9,2019-09-20,0
2167,9,2018-09-02,1
2168,6,2019-08-09,1
2169,9,2021-09-29,1
2170,7,2020-09-18,1
2171,8,2020-08-19,1
2172,10,2021-09-20,1
2173,10,2021-08-14,1
2174,10,2021-08-09,1
2175,9,2019-09-18,1
2176,8,2021-09-17,1
2177,6,2021-09-15,1
2178,10,2019-08-05,0
2179,7,2021-09-20,1
2180,10,2020-08-29,0
2181,10,2019-08-02,1
2182,8,2021-09-27,1
2183,7,2021-09-25,1
2184,11,2020-09-30,1
2185,10,2021-09-26,1
2186,10,2020-08-27,1
2187,11,2021-08-01,1
2188,10,2020-09-07,1
2189,9,2016-09-22,1
2190,6,2021-08-03,1
2191,7,2019-08-22,1
2192,9,2021-09-14,1
2193,11,2018-08-02,1
2194,11,2019-09-07,1
2195,10,2019-08-06,1
2196,9,2021-08-18,1
2197,11,2019-09-04,0
2198,11,2021-08-22,1
2199,11,2019-08-23,1
2200,10,2021-09-12,1
2201,9,2021-08-25,1
2202,6,2019-09-05,1
2203,11,2020-09-14,1
2204,6,2021-08-09,1
2205,10,2018-09-07,1
2206,9,2021-08-13,1
2207,9,2019-08-20,0
2208,7,2017-08-06,1
2209,6,2018-09-20,1
2210,8,2020-09-21,1
2211,10,2021-09-02,1
2212,7,2018-08-06,1
2213,8,2021-09-14,1
2214,6,2018-09-03,1
2215,7,2021-08-26,1
2216,9,2019-08-31,1
2217,11,2020-09-24,1
2218,7,2017-09-12,1
2219,7,2017-08-23,1
2220,8,2019-08-24,1
2221,6,2021-08-06,1
2222,8,2016-09-29,1
2223,6,2021-09-08,1
2224,7,2021-09-17,1
2225,10,2021-09-16,1
2226,6,2016-08-26,1
2227,7,2021-08-05,1
2228,9,2019-09-05,1
2229,7,2021-09-06,1
2230,8,2021-08-21,1
2231,11,2021-08-10,1
2232,8,2021-08-19,1
2233,6,2016-09-21,1
2234,11,2018-08-11,1
2235,7,2016-08-18,1
2236,7,2021-08-25,1
2237,9,2018-09-04,1
2238,8,2021-08-04,1
2239,7,2018-09-08,1
2240,9,2021-09-14,1
2241,6,2018-08-14,1
2242,10,2021-08-03,1
2243,8,2018-09-01,1
2244,9,2020-09-24,1
2245,11,2019-08-07,1
2246,6,2021-09-28,1
2247,9,2021-09-09,1
2248,7,2021-08-06,1
2249,11,2021-09-02,1
2250,8,2021-09-03,1
2251,11,2020-09-08,1
2252,6,2021-09-01,1
2253,10,2021-08-10,1
2254,9,2021-09-16,1
2255,10,2020-08-13,1
2256,9,2021-09-13,1
2257,8,2021-08-10,1
2258,9,2016-09-12,1
2259,10,2020-08-09,1
2260,11,2021-09-04,1
2261,10,2020-08-08,1
2262,8,2021-08-09,1
2263,10,2020-08-31,1
2264,11,2021-09-26,1
2265,6,2020-09-02,1
2266,9,2019-09-25,1
2267,8,2021-08-05,1
2268,8,2020-08-07,1
2269,10,2019-09-21,1
2270,8,2021-09-14,1
2271,11,2019-08-19,1
2272,6,2020-08-06,1
2273,11,2018-08-04,1
2274,11,2020-09-04,1
2275,8,2021-09-15,1
2276,10,2016-08-19,1
2277,8,2016-09-16,1
2278,11,2019-08-27,1
2279,9,2019-09-03,1
2280,7,2020-08-01,1
2281,7,2019-08-09,1
2282,7,2021-09-26,1
2283,8,2020-09-12,1
2284,9,2021-08-06,1
2285,10,2019-09-25,1
2286,9,2021-08-17,1
2287,7,2021-09-21,1
2288,6,2020-08-29,1
2289,8,2021-09-27,1
2290,8,2021-08-11,1
2291,10,2020-09-03,1
2292,6,2021-08-23,1
2293,8,2020-08-03,1
2294,8,2021-08-19,1
2295,6,2021-09-27,1
2296,8,2019-09-11,1
2297,11,2021-08-19,1
2298,8,2021-09-02,1
2299,9,2020-09-21,1
2300,11,2021-09-05,1
2301,11,2021-09-16,1
2302,8,2018-08-31,1
2303,9,2021-08-11,1
2304,10,2021-09-11,1
2305,7,2021-09-13,1
2306,7,2020-08-23,1
2307,11,2021-09-22,1
2308,9,2020-08-24,1
2309,9,2021-09-15,1
2310,8,2020-08-11,1
2311,11,2021-09-01,1
2312,11,2021-08-15,1
2313,8,2020-09-11,1
2314,8,2021-09-29,1
2315,7,2016-09-25,1
2316,10,2020-08-21,1
2317,8,2021-09-02,1
2318,10,2020-09-19,1
2319,10,2019-08-02,1
2320,8,2021-08-13,1
2321,9,2021-08-05,1
2322,8,2021-09-16,1
2323,11,2021-09-02,1
2324,7,2019-09-07,1
2325,9,2021-08-31,1
2326,9,2016-08-28,1
2327,9,2020-08-20,1
2328,9,2019-09-28,1
2329,11,2019-08-27,1
2330,10,2021-09-11,1
2331,9,2019-09-02,1
2332,10,2021-09-23,1
2333,10,2020-09-10,1
2334,6,2019-09-24,1
2335,9,2018-08-16,1
2336,9,2021-09-12,1
2337,10,2021-08-05,1
2338,11,2019-08-14,1
2339,8,2021-08-25,1
2340,7,2019-09-05,1
2341,10,2021-09-08,1
2342,10,2018-08-22,1
2343,6,2018-09-10,0
2344,8,2020-08-02,1
2345,9,2021-09-22,1
2346,10,2019-08-16,1
2347,8,2021-08-21,1
2348,7,2021-09-15,1
2349,8,2020-09-16,1
2350,7,2019-09-17,1
2351,7,2019-08-05,1
2352,10,2021-09-04,1
2353,6,2020-09-17,1
2354,7,2021-08-27,1
2355,9,2021-08-08,1
2356,8,2020-08-29,1
2357,10,2019-09-03,0
2358,9,2018-08-03,1
2359,9,2020-08-05,1
2360,10,2020-09-22,1
2361,11,2021-09-01,1
2362,10,2021-09-24,1
2363,6,2021-08-07,1
2364,9,2021-08-18,1
2365,11,2021-08-26,1
2366,8,2019-08-24,1
2367,7,2019-08-20,1
2368,6,2021-08-26,1
2369,9,2021-08-01,1
2370,10,2021-08-19,1
2371,9,2020-09-18,1
2372,7,2021-08-05,1
2373,7,2020-09-16,1
2374,10,2019-09-15,1
2375,8,2020-08-14,1
2376,7,2020-09-21,1
2377,9,2020-09-05,1
2378,11,2021-08-24,1
2379,6,2021-09-27,1
2380,9,2018-08-15,1
2381,9,2020-09-05,1
2382,11,2020-09-14,1
2383,6,2017-09-02,1
2384,11,2021-08-16,1
2385,11,2017-08-19,1
2386,8,2020-09-17,1
2387,11,2020-09-14,1
2388,9,2020-08-07,1
2389,8,2019-09-04,1
2390,6,2020-08-10,1
2391,7,2021-08-18,1
2392,9,2020-09-13,1
2393,11,2016-08-02,1
2394,6,2017-09-14,1
2395,6,2019-09-06,1
2396,9,2021-09-07,1
2397,10,2017-08-06,1
2398,7,2016-08-31,1
2399,8,2018-09-06,1
2400,9,2018-09-29,1
2401,8,2020-09-17,1
2402,7,2020-09-01,1
2403,10,2021-08-28,1
2404,11,2017-09-07,0
2405,8,2020-08-19,1
2406,9,2021-09-13,1
2407,9,2016-09-04,1
2408,10,2021-08-10,1
2409,8,2018-09-27,1
2410,10,2020-08-15,1
2411,11,2018-08-20,1
2412,6,2021-08-22,1
2413,9,2017-08-31,1
2414,8,2018-08-22,0
2415,7,2021-08-14,1
2416,7,2020-08-04,1
2417,6,2021-09-07,1
2418,9,2021-09-17,1
2419,11,2021-08-09,1
2420,11,2020-08-26,1
2421,10,2021-09-19,1
2422,8,2021-08-12,1
2423,6,2021-09-08,1
2424,6,2021-08-16,1
2425,11,2021-08-19,1
2426,7,2018-08-27,1
2427,10,2021-09-04,1
2428,9,2018-08-17,1
2429,8,2021-08-14,1
2430,11,2020-08-06,1
2431,10,2021-09-09,1
2432,7,2020-08-03,1
2433,6,2021-09-06,1
2434,8,2019-08-01,1
2435,11,2019-09-19,1
2436,8,2020-08-23,0
2437,11,2017-09-24,1
2438,10,2020-09-09,1
2439,10,2021-09-07,1
2440,10,2021-08-24,1
2441,8,2021-09-04,1
2442,7,2020-08-26,1
2443,9,2020-08-05,1
2444,9,2021-09-11,1
2445,6,2020-09-28,1
2446,9,2021-08-26,1
2447,9,2021-09-25,1
2448,6,2019-08-31,0
2449,7,2018-09-30,1
2450,7,2021-08-10,1
2451,6,2021-08-23,1
2452,9,2019-09-20,1
2453,6,2018-09-03,1
2454,6,2020-08-10,1
2455,6,2016-09-21,1
2456,6,2020-08-02,1
2457,10,2020-09-22,1
2458,11,2018-08-27,1
2459,10,2020-09-21,1
2460,8,2017-08-16,1
2461,6,2021-08-14,1
2462,10,2019-09-21,1
2463,7,2017-08-10,1
2464,11,2020-08-20,1
2465,9,2021-09-27,1
2466,7,2021-08-30,0
2467,11,2021-09-10,1
2468,7,2021-09-27,1
2469,10,2019-08-19,1
2470,10,2021-08-05,1
2471,7,2021-09-17,1
2472,10,2020-08-02,1
2473,9,2021-08-15,1
2474,6,2021-08-04,0
2475,9,2021-08-20,1
2476,11,2021-09-12,1
2477,10,2021-09-01,1
2478,9,2021-08-11,1
2479,10,2019-09-16,1
2480,8,2018-08-06,1
2481,10,2021-09-15,1
2482,7,2021-08-24,1
2483,8,2019-09-20,0
2484,11,2020-09-06,1
2485,9,2021-08-13,1
2486,11,2020-08-15,1
2487,9,2020-09-23,1
2488,9,2021-09-01,1
2489,8,2021-08-16,1
2490,10,2019-08-26,1
2491,9,2021-09-03,1
2492,7,2020-09-16,1
2493,8,2017-09-09,1
2494,7,2018-09-03,1
2495,8,2019-09-04,1
2496,8,2020-08-19,0
2497,6,2018-09-04,1
2498,6,2020-08-18,1
2499,10,2021-09-05,1
2500,9,2020-09-10,1
2501,10,2021-09-28,1
2502,8,2021-08-10,1
2503,7,2021-08-21,1
2504,8,2018-08-20,1
2505,6,2021-08-25,1
2506,7,2017-08-22,1
2507,9,2016-08-18,1
2508,9,2021-09-23,1
2509,9,2018-08-15,1
2510,8,2016-09-01,1
2511,7,2020-08-24,1
2512,6,2020-08-29,1
2513,6,2016-08-18,1
2514,8,2021-09-08,1
2515,7,2019-09-22,1
2516,11,2021-08-23,1
2517,6,2020-08-13,1
2518,8,2017-08-12,1
2519,10,2020-08-08,1
2520,9,2021-09-26,1
2521,7,2019-08-08,1
2522,10,2018-08-04,1
2523,9,2021-09-07,1
2524,10,2019-09-08,1
2525,9,2019-09-09,1
2526,10,2019-08-24,1
2527,8,2020-09-03,1
2528,6,2021-09-28,1
2529,7,2021-09-06,1
2530,11,2018-08-13,1
2531,10,2020-08-10,1
2532,6,2018-08-08,1
2533,9,2021-09-08,1
2534,6,2021-09-20,1
2535,8,2019-09-17,1
2536,10,2018-09-21,1
2537,6,2020-09-20,1
2538,6,2021-08-01,1
2539,11,2020-09-05,1
2540,6,2020-08-13,1
2541,9,2017-09-10,1
2542,8,2021-08-20,1
2543,8,2018-09-14,1
2544,10,2021-09-03,1
2545,10,2020-08-14,1
2546,9,2021-09-27,1
2547,6,2020-09-16,1
2548,7,2020-08-31,1
2549,6,2020-08-25,1
2550,10,2017-09-08,1
2551,10,2021-08-02,1
2552,8,2021-09-07,1
2553,11,2020-09-21,1
2554,6,2019-09-13,1
2555,10,2019-09-05,1
2556,9,2019-08-06,1
2557,11,2020-09-06,1
2558,7,2019-09-23,1
2559,10,2021-09-29,1
2560,10,2019-08-23,1
2561,6,2020-09-22,1
2562,8,2021-09-26,1
2563,10,2019-08-25,0
2564,10,2020-08-10,1
2565,9,2017-08-23,1
2566,6,2019-08-06,1
2567,7,2021-08-15,1
2568,10,2017-08-26,1
2569,8,2021-08-08,1
2570,8,2016-09-25,1
2571,11,2021-08-16,1
2572,10,2021-08-22,1
2573,8,2021-08-21,1
2574,11,2021-09-11,1
2575,11,2019-08-03,1
2576,9,2021-09-18,1
2577,8,2021-09-26,1
2578,11,2018-09-02,1
2579,9,2021-08-16,1
2580,9,2020-08-05,1
2581,9,2021-09-11,1
2582,7,2020-08-05,1
2583,10,2020-08-08,1
2584,9,2021-08-05,0
2585,7,2018-09-28,1
2586,9,2020-08-20,1
2587,6,2021-09-19,1
2588,6,2018-08-31,0
2589,6,2021-08-17,1
2590,6,2017-09-06,1
2591,11,2021-08-03,1
2592,9,2020-09-19,0
2593,10,2021-08-31,1
2594,7,2021-09-25,1
2595,7,2020-09-16,1
2596,8,2020-09-21,1
2597,10,2021-09-11,1
2598,8,2021-08-02,1
2599,6,2020-09-23,1
2600,7,2019-08-09,1
2601,8,2021-08-20,1
2602,8,2021-08-15,1
2603,9,2020-08-01,1
2604,7,2019-09-13,1
2605,6,2021-08-28,1
2606,10,2020-09-14,1
2607,10,2020-09-16,1
2608,7,2020-09-22,1
2609,6,2020-09-27,1
2610,8,2020-08-30,1
2611,10,2021-09-04,1
2612,11,2021-08-04,1
2613,10,2020-08-06,1
2614,10,2020-09-26,1
2615,9,2021-08-05,1
2616,7,2021-08-27,1
2617,7,2020-08-24,1
2618,8,2020-08-30,1
2619,8,2021-09-16,1
2620,9,2021-08-16,1
2621,8,2021-09-25,1
2622,9,2021-09-22,1
2623,10,2021-08-03,1
2624,6,2021-08-15,1
2625,6,2019-08-22,1
2626,10,2018-08-21,1
2627,6,2019-08-07,1
2628,11,2019-09-12,0
2629,6,2020-08-14,1
2630,9,2016-09-16,1
2631,8,2020-09-30,1
2632,9,2020-09-14,1
2633,9,2021-09-29,1
2634,7,2017-08-03,1
2635,10,2020-09-03,1
2636,11,2021-09-19,1
2637,10,2020-09-28,1
2638,11,2021-09-23,1
2639,7,2021-09-25,1
2640,6,2016-09-05,1
2641,6,2020-09-04,1
2642,10,2019-08-17,1
2643,6,2017-09-15,1
2644,8,2021-08-11,1
2645,8,2018-09-06,0
2646,8,2021-09-19,1
2647,11,2021-08-01,1
2648,11,2020-08-30,1
2649,11,2021-08-29,1
2650,8,2017-09-08,1
2651,8,2020-09-07,1
2652,11,2021-09-01,1
2653,8,2019-08-07,1
2654,9,2019-09-23,1
2655,7,2019-09-19,1
2656,11,2021-09-19,1
2657,10,2018-08-17,1
2658,7,2021-09-26,1
2659,11,2021-09-27,1
2660,9,2021-08-04,1
2661,7,2020-08-06,1
2662,8,2021-09-25,1
2663,7,2016-08-12,1
2664,7,2020-08-22,1
2665,8,2021-09-06,1
2666,11,2020-09-03,1
2667,6,2021-08-12,1
2668,8,2016-08-18,1
2669,6,2020-09-26,1
2670,9,2019-08-07,1
2671,9,2021-09-12,1
2672,11,2021-08-12,1
2673,10,2019-08-22,1
2674,7,2020-09-21,1
2675,10,2021-09-21,1
2676,11,2019-08-12,0
2677,10,2019-09-14,1
2678,6,2021-08-24,1
2679,7,2021-08-31,1
2680,6,2021-08-23,1
2681,6,2021-09-11,1
2682,9,2019-09-26,1
2683,11,2021-09-20,1
2684,9,2019-08-31,1
2685,6,2019-09-21,1
2686,7,2021-09-04,1
2687,9,2017-08-24,1
2688,8,2020-08-04,0
2689,8,2020-09-13,1
2690,9,2021-09-07,1
2691,10,2021-09-09,1
2692,10,2017-08-04,1
2693,7,2020-09-20,1
2694,8,2020-08-31,1
2695,10,2019-08-27,1
2696,8,2016-09-05,1
2697,11,2021-08-07,1
2698,6,2017-09-11,1
2699,8,2021-08-13,1
2700,6,2021-08-27,1
2701,7,2019-09-06,1
2702,6,2021-08-06,1
2703,8,2017-08-24,1
2704,9,2020-09-09,1
2705,6,2021-09-01,1
2706,11,2021-08-29,1
2707,6,2021-08-20,1
2708,6,2021-08-08,1
2709,6,2021-08-12,0
2710,7,2021-09-14,1
2711,6,2021-09-11,1
2712,11,2020-08-27,1
2713,10,2019-08-07,1
2714,9,2020-09-01,1
2715,7,2020-08-07,1
2716,8,2021-09-02,1
2717,9,2021-08-12,0
2718,6,2019-08-31,1
2719,7,2021-08-21,1
2720,7,2021-08-25,1
2721,9,2020-09-27,1
2722,11,2021-08-07,1
2723,11,2019-09-24,1
2724,8,2017-08-29,1
2725,8,2020-09-11,1
2726,10,2021-09-25,1
2727,6,2020-08-24,1
2728,7,2020-08-27,0
2729,9,2021-09-15,1
2730,8,2021-09-24,1
2731,10,2020-09-11,1
2732,10,2021-09-19,1
2733,11,2020-09-30,1
2734,7,2019-09-03,1
2735,7,2019-08-28,1
2736,8,2021-09-07,1
2737,6,2021-08-17,1
2738,7,2021-09-03,1
2739,8,2018-08-10,1
2740,8,2020-09-28,1
2741,11,2021-08-17,1
2742,7,2019-08-04,0
2743,10,2021-09-18,1
2744,6,2020-08-15,1
2745,9,2020-08-11,1
2746,8,2021-09-02,1
2747,10,2021-08-20,1
2748,11,2018-08-16,1
2749,7,2020-09-28,1
2750,6,2016-08-21,1
2751,6,2020-08-10,1
2752,6,2021-09-03,1
2753,8,2021-08-02,1
2754,10,2019-09-20,1
2755,6,2021-09-16,1
2756,8,2021-08-15,1
2757,7,2020-08-14,1
2758,7,2021-08-20,1
2759,7,2021-08-13,1
2760,10,2020-08-03,1
2761,9,2020-08-06,1
2762,11,2019-08-26,1
2763,6,2019-09-21,1
2764,11,2016-09-15,1
2765,7,2020-08-26,1
2766,9,2016-09-16,1
2767,8,2021-09-02,1
2768,8,2019-09-05,1
2769,6,2021-08-05,0
2770,11,2020-08-24,1
2771,9,2017-08-22,1
2772,7,2021-08-16,1
2773,8,2018-09-23,1
2774,9,2020-08-15,1
2775,6,2020-09-10,1
2776,9,2020-08-06,1
2777,9,2020-09-29,1
2778,8,2021-09-02,1
2779,10,2020-09-10,1
2780,9,2019-08-15,0
2781,10,2020-08-20,1
2782,9,2021-09-29,1
2783,11,2021-08-25,1
2784,10,2021-08-28,1
2785,6,2019-09-09,1
2786,6,2020-09-17,1
2787,6,2018-08-04,0
2788,9,2019-08-19,1
2789,7,2021-09-09,1
2790,9,2020-08-18,1
2791,7,2020-09-18,1
2792,10,2017-08-16,1
2793,8,2021-08-31,1
2794,10,2018-09-05,1
2795,9,2019-09-04,1
2796,10,2021-09-09,1
2797,10,2020-09-18,1
2798,8,2021-08-09,1
2799,8,2020-08-29,1
2800,10,2016-08-29,1
2801,9,2020-09-20,1
2802,10,2018-08-15,1
2803,6,2021-08-05,1
2804,11,2021-09-24,1
2805,7,2021-09-04,1
2806,11,2016-09-01,1
2807,7,2017-09-04,1
2808,10,2020-09-10,1
2809,9,2019-09-10,1
2810,7,2020-09-26,1
2811,6,2018-08-27,1
2812,6,2021-08-11,1
2813,7,2021-09-25,1
2814,8,2021-08-15,1
2815,10,2020-08-03,1
2816,6,2020-08-06,1
2817,6,2020-08-28,1
2818,8,2021-08-15,1
2819,8,2018-09-11,1
2820,11,2020-09-15,1
2821,10,2021-09-08,1
2822,8,2020-09-21,1
2823,6,2021-09-11,1
2824,9,2021-08-22,1
2825,8,2019-09-10,1
2826,11,2020-09-05,1
2827,6,2021-09-14,1
2828,9,2021-09-06,1
2829,8,2021-08-04,1
2830,9,2016-08-20,1
2831,10,2021-09-20,1
2832,11,2017-09-20,1
2833,10,2018-08-08,1
2834,11,2020-08-06,1
2835,11,2021-09-18,1
2836,6,2016-08-30,1
2837,11,2021-08-20,1
2838,10,2021-09-22,1
2839,9,2021-09-30,1
2840,9,2021-09-05,1
2841,10,2019-09-25,1
2842,9,2019-08-08,0
2843,8,2021-08-02,1
2844,11,2017-08-02,1
2845,6,2020-08-13,1
2846,10,2019-08-05,1
2847,11,2016-08-24,1
2848,11,2017-08-29,1
2849,7,2019-09-08,1
2850,11,2020-09-06,1
2851,8,2021-09-01,1
2852,8,2021-09-14,1
2853,7,2021-08-09,1
2854,11,2020-09-20,1
2855,10,2020-08-30,1
2856,8,2019-08-27,1
2857,7,2019-08-25,1
2858,9,2021-08-28,1
2859,9,2021-08-05,1
2860,9,2018-09-07,0
2861,11,2019-09-22,0
2862,8,2021-09-15,1
2863,10,2021-09-26,1
2864,11,2020-09-18,1
2865,10,2019-09-08,1
2866,10,2019-09-04,1
2867,6,2020-08-14,1
2868,9,2020-08-15,1
2869,10,2021-09-13,1
2870,6,2020-09-04,1
2871,8,2018-08-10,1
2872,7,2021-09-09,1
2873,8,2020-08-30,1
2874,11,2021-08-23,1
2875,7,2020-08-28,1
2876,6,2019-09-19,1
2877,8,2021-08-12,1
2878,11,2021-08-11,1
2879,8,2020-08-15,1
2880,9,2021-08-16,1
2881,6,2021-09-22,1
2882,11,2020-08-13,1
2883,11,2020-08-17,1
2884,10,2021-09-17,1
2885,9,2020-08-13,1
2886,10,2017-08-05,1
2887,10,2021-09-12,1
2888,9,2016-08-05,1
2889,8,2020-08-17,1
2890,8,2021-08-26,1
2891,9,2021-09-13,1
2892,9,2020-08-14,1
2893,11,2018-08-17,0
2894,9,2020-08-27,1
2895,11,2016-09-24,1
2896,11,2021-08-23,1
2897,10,2021-09-07,1
2898,8,2019-08-29,1
2899,11,2017-09-24,1
2900,7,2021-09-10,1
2901,9,2019-08-09,1
2902,8,2020-09-03,1
2903,8,2018-09-28,1
2904,9,2017-08-29,1
2905,6,2021-09-04,1
2906,11,2020-08-24,1
2907,11,2016-08-16,1
2908,9,2019-09-16,1
2909,10,2021-09-17,1
2910,11,2021-09-11,1
2911,9,2021-09-30,1
2912,6,2020-09-12,1
2913,7,2021-08-03,1
2914,9,2021-09-12,1
2915,7,2019-09-13,1
2916,9,2021-08-10,1
2917,8,2021-08-12,1
2918,8,2021-08-16,1
2919,9,2021-09-09,1
2920,8,2021-09-22,1
2921,6,2020-09-13,1
2922,11,2021-09-27,1
2923,6,2021-08-16,1
2924,8,2019-08-28,1
2925,7,2020-08-14,0
2926,6,2020-09-18,1
2927,8,2021-09-06,0
2928,10,2021-08-12,1
2929,11,2021-08-07,1
2930,10,2020-08-09,1
2931,10,2021-09-12,1
2932,10,2018-08-15,1
2933,7,2019-08-06,1
2934,8,2018-09-20,1
2935,10,2021-09-08,1
2936,10,2021-08-25,1
2937,8,2021-09-21,1
2938,11,2020-09-30,1
2939,6,2017-09-20,1
2940,7,2020-09-26,1
2941,7,2020-08-01,0
2942,7,2021-08-13,1
2943,8,2016-09-21,1
2944,7,2021-08-28,1
2945,7,2021-08-23,1
2946,6,2021-08-09,1
2947,9,2020-09-28,1
2948,7,2020-08-04,1
2949,10,2021-08-09,1
2950,7,2019-09-08,1
2951,7,2019-08-23,1
2952,11,2021-09-04,1
2953,6,2020-08-17,1
2954,6,2020-09-08,1
2955,6,2020-08-11,1
2956,11,2016-08-23,1
2957,11,2021-08-26,1
2958,6,2021-09-18,1
2959,8,2020-09-27,1
2960,8,2019-09-22,1
2961,8,2021-09-09,1
2962,10,2018-09-09,0
2963,11,2021-08-03,1
2964,11,2021-08-28,1
2965,8,2019-09-10,1
2966,11,2017-09-14,1
2967,7,2021-08-09,1
2968,9,2020-08-11,1
2969,10,2020-08-15,1
2970,7,2019-09-23,1
2971,8,2021-08-20,1
2972,11,2021-09-08,1
2973,8,2020-09-13,1
2974,9,2021-08-25,1
2975,9,2021-08-07,1
2976,10,2021-09-11,1
2977,9,2016-08-25,1
2978,6,2017-09-30,1
2979,9,2018-08-05,1
2980,7,2021-09-14,1
2981,11,2021-08-11,1
2982,11,2016-09-09,1
2983,11,2018-09-05,1
2984,6,2019-08-17,1
2985,9,2021-09-03,1
2986,10,2020-08-27,1
2987,11,2020-08-15,1
2988,9,2016-08-30,1
2989,10,2021-08-31,1
2990,9,2021-09-25,1
2991,11,2021-09-24,1
2992,10,2019-08-27,0
2993,6,2020-08-02,1
2994,7,2017-08-08,1
2995,6,2021-09-18,1
2996,9,2021-08-01,1
2997,7,2021-08-12,1
2998,6,2020-09-12,1
2999,8,2021-09-05,1
3000,8,2021-09-27,1
