1,1,1,2018-09-21,1
2,2,2,2020-10-15,1
3,3,3,2017-09-21,1
4,4,4,2016-10-29,1
5,5,5,2021-10-23,1
6,6,6,2016-10-10,1
7,7,7,2021-10-17,0
8,8,8,2019-09-03,1
9,9,9,2021-09-27,0
10,10,10,2019-10-25,1
11,11,11,2020-10-01,1
12,12,12,2017-09-05,1
13,13,13,2020-10-09,1
14,14,14,2021-10-19,1
15,15,15,2020-09-02,1
16,16,16,2021-10-11,1
17,17,17,2016-09-07,1
18,18,18,2019-09-13,1
19,19,19,2020-09-02,1
20,20,20,2019-09-10,1
21,21,21,2019-10-28,1
22,22,22,2021-09-22,1
23,23,23,2019-09-08,1
24,24,24,2019-10-20,1
25,25,25,2018-10-16,1
26,26,26,2021-09-17,1
27,27,27,2020-10-24,1
28,28,28,2021-09-19,1
29,29,29,2021-10-23,1
30,30,30,2021-09-22,1
31,31,31,2019-09-28,1
32,32,32,2020-10-07,0
33,33,33,2019-09-13,1
34,34,34,2019-10-26,1
35,35,35,2021-09-26,1
36,36,36,2019-10-13,1
37,37,37,2021-09-16,1
38,38,38,2020-10-06,1
39,39,39,2019-10-24,1
40,40,40,2017-10-10,1
41,41,41,2019-10-17,1
42,42,42,2020-09-28,1
43,43,43,2020-09-27,1
44,44,44,2020-09-15,1
45,45,45,2020-09-05,1
46,46,46,2018-10-17,1
47,47,47,2018-10-10,1
48,48,48,2018-10-26,1
49,49,49,2017-09-07,1
50,50,50,2021-10-07,1
51,51,51,2019-10-26,1
52,52,52,2019-09-02,1
53,53,53,2021-10-11,1
54,54,54,2020-10-18,1
55,55,55,2019-09-08,1
56,56,56,2020-09-27,1
57,57,57,2018-10-08,1
58,58,58,2019-09-20,1
59,59,59,2021-10-29,1
60,60,60,2020-09-19,1
61,61,61,2021-09-30,1
62,62,62,2021-10-28,1
63,63,63,2021-09-14,1
64,64,64,2017-09-20,1
65,65,65,2016-10-20,1
66,66,66,2021-10-22,1
67,67,67,2021-10-21,1
68,68,68,2020-09-03,1
69,69,69,2020-09-17,1
70,70,70,2021-09-06,1
71,71,71,2017-10-12,1
72,72,72,2017-10-08,1
73,73,73,2017-10-13,1
74,74,74,2021-10-27,1
75,75,75,2021-10-13,1
76,76,76,2019-10-31,1
77,77,77,2021-10-29,1
78,78,78,2021-09-29,1
79,79,79,2020-10-19,1
80,80,80,2020-10-14,1
81,81,81,2021-09-03,1
82,82,82,2021-09-02,1
83,83,83,2019-09-13,1
84,84,84,2019-09-06,1
85,85,85,2021-10-17,1
86,86,86,2020-09-15,1
87,87,87,2020-10-13,1
88,88,88,2021-10-16,1
89,89,89,2021-10-25,1
90,90,90,2019-09-29,1
91,91,91,2021-10-18,1
92,92,92,2021-10-17,1
93,93,93,2019-10-29,1
94,94,94,2019-09-23,1
95,95,95,2021-09-08,1
96,96,96,2019-09-11,1
97,97,97,2020-09-04,1
98,98,98,2019-09-13,1
99,99,99,2020-10-27,1
100,100,100,2019-10-20,1
101,101,101,2019-09-14,1
102,102,102,2019-10-29,1
103,103,103,2021-10-30,1
104,104,104,2016-09-01,1
105,105,105,2020-09-02,1
106,106,106,2018-10-02,1
107,107,107,2021-09-04,1
108,108,108,2020-09-14,1
109,109,109,2020-09-03,1
110,110,110,2021-10-03,1
111,111,111,2020-09-05,1
112,112,112,2016-09-19,1
113,113,113,2021-09-02,1
114,114,114,2019-10-16,1
115,115,115,2021-10-27,1
116,116,116,2019-10-20,0
117,117,117,2021-09-12,1
118,118,118,2020-09-24,1
119,119,119,2018-09-05,1
120,120,120,2018-09-01,1
121,121,121,2019-09-30,1
122,122,122,2021-10-02,1
123,123,123,2021-09-24,1
124,124,124,2021-09-05,1
125,125,125,2021-10-21,1
126,126,126,2019-10-10,1
127,127,127,2019-10-24,1
128,128,128,2021-09-12,1
129,129,129,2021-09-26,1
130,130,130,2021-10-27,1
131,131,131,2018-10-07,1
132,132,132,2020-10-09,1
133,133,133,2019-10-24,1
134,134,134,2020-09-27,1
135,135,135,2020-10-03,1
136,136,136,2018-09-02,1
137,137,137,2019-10-16,1
138,138,138,2019-10-20,1
139,139,139,2019-10-12,1
140,140,140,2019-10-14,1
141,141,141,2021-09-07,1
142,142,142,2020-09-07,1
143,143,143,2020-10-04,1
144,144,144,2021-09-24,1
145,145,145,2017-10-30,1
146,146,146,2017-10-19,1
147,147,147,2021-09-05,1
148,148,148,2021-09-27,1
149,149,149,2017-10-14,1
150,150,150,2019-10-13,1
151,151,151,2017-10-19,1
152,152,152,2020-09-27,1
153,153,153,2020-09-29,1
154,154,154,2021-09-13,1
155,155,155,2018-10-23,1
156,156,156,2019-09-12,1
157,157,157,2021-10-01,1
158,158,158,2021-09-13,1
159,159,159,2019-10-07,0
160,160,160,2021-09-15,1
161,161,161,2021-10-03,1
162,162,162,2021-10-31,1
163,163,163,2021-10-31,1
164,164,164,2020-09-27,1
165,165,165,2019-09-01,1
166,166,166,2018-10-31,1
167,167,167,2021-10-24,1
168,168,168,2021-09-12,1
169,169,169,2021-09-26,1
170,170,170,2020-10-08,1
171,171,171,2020-10-04,1
172,172,172,2021-09-14,0
173,173,173,2019-10-05,1
174,174,174,2021-09-22,1
175,175,175,2020-09-24,1
176,176,176,2020-10-13,0
177,177,177,2021-09-07,1
178,178,178,2019-10-28,1
179,179,179,2020-10-22,1
180,180,180,2018-10-17,1
181,181,181,2020-09-26,1
182,182,182,2021-09-08,0
183,183,183,2020-09-11,1
184,184,184,2017-09-28,1
185,185,185,2020-09-19,1
186,186,186,2017-09-20,1
187,187,187,2018-09-19,1
188,188,188,2019-09-20,1
189,189,189,2018-09-10,1
190,190,190,2021-10-12,1
191,191,191,2021-09-07,0
192,192,192,2021-09-05,1
193,193,193,2021-10-07,1
194,194,194,2020-09-09,1
195,195,195,2021-09-19,1
196,196,196,2021-09-01,1
197,197,197,2020-09-05,1
198,198,198,2019-09-25,1
199,199,199,2021-09-11,1
200,200,200,2021-09-30,1
201,201,201,2018-10-16,1
202,202,202,2021-09-27,1
203,203,203,2021-09-01,1
204,204,204,2021-09-08,1
205,205,205,2020-09-13,1
206,206,206,2020-09-08,1
207,207,207,2020-10-22,1
208,208,208,2021-10-03,1
209,209,209,2020-10-07,1
210,210,210,2021-09-13,1
211,211,211,2016-09-20,1
212,212,212,2021-10-14,1
213,213,213,2020-09-22,1
214,214,214,2020-10-18,1
215,215,215,2019-09-04,1
216,216,216,2021-10-21,1
217,217,217,2020-10-02,1
218,218,218,2018-09-01,1
219,219,219,2021-10-15,1
220,220,220,2021-10-04,1
221,221,221,2021-09-20,0
222,222,222,2017-10-20,1
223,223,223,2021-10-28,1
224,224,224,2018-10-30,1
225,225,225,2017-09-27,1
226,226,226,2019-10-09,1
227,227,227,2021-09-30,1
228,228,228,2020-09-03,1
229,229,229,2020-10-29,1
230,230,230,2020-09-01,1
231,231,231,2021-09-01,1
232,232,232,2021-10-28,1
233,233,233,2016-09-24,1
234,234,234,2019-10-30,1
235,235,235,2021-09-06,1
236,236,236,2021-09-18,1
237,237,237,2019-10-18,1
238,238,238,2021-09-29,1
239,239,239,2021-10-12,1
240,240,240,2021-09-09,1
241,241,241,2021-09-28,1
242,242,242,2021-10-11,1
243,243,243,2021-10-21,1
244,244,244,2019-10-23,1
245,245,245,2020-09-09,1
246,246,246,2021-10-18,1
247,247,247,2020-09-15,1
248,248,248,2021-09-18,1
249,249,249,2016-09-23,1
250,250,250,2019-10-14,1
251,251,251,2020-10-08,1
252,252,252,2021-10-04,1
253,253,253,2018-10-27,1
254,254,254,2019-09-27,1
255,255,255,2021-09-01,1
256,256,256,2020-10-05,1
257,257,257,2020-09-20,1
258,258,258,2021-09-12,1
259,259,259,2021-09-18,1
260,260,260,2019-10-18,1
261,261,261,2020-10-18,1
262,262,262,2020-10-04,0
263,263,263,2021-09-17,1
264,264,264,2020-10-19,1
265,265,265,2018-09-25,1
266,266,266,2021-10-28,1
267,267,267,2021-10-11,1
268,268,268,2021-09-19,1
269,269,269,2021-09-17,1
270,270,270,2021-10-06,1
271,271,271,2020-09-02,1
272,272,272,2018-10-12,0
273,273,273,2020-09-08,1
274,274,274,2019-09-04,1
275,275,275,2020-09-05,1
276,276,276,2021-10-24,1
277,277,277,2016-10-11,1
278,278,278,2021-10-28,1
279,279,279,2018-10-09,1
280,280,280,2020-09-06,1
281,281,281,2019-09-22,1
282,282,282,2017-10-01,1
283,283,283,2020-10-31,1
284,284,284,2021-09-05,1
285,285,285,2018-10-05,1
286,286,286,2021-09-03,1
287,287,287,2016-10-22,1
288,288,288,2019-09-04,1
289,289,289,2020-09-23,1
290,290,290,2019-10-01,1
291,291,291,2020-09-24,1
292,292,292,2021-10-17,1
293,293,293,2021-09-28,1
294,294,294,2021-10-01,0
295,295,295,2020-09-12,1
296,296,296,2018-10-15,1
297,297,297,2021-10-03,1
298,298,298,2021-10-02,1
299,299,299,2020-10-27,1
300,300,300,2021-09-04,0
301,301,301,2021-10-03,1
302,302,302,2018-10-31,1
303,303,303,2020-10-21,1
304,304,304,2021-10-06,1
305,305,305,2019-10-18,1
306,306,306,2016-10-13,1
307,307,307,2020-10-29,1
308,308,308,2020-10-18,1
309,309,309,2020-09-03,1
310,310,310,2021-10-20,1
311,311,311,2017-10-16,1
312,312,312,2021-09-22,1
313,313,313,2020-09-13,1
314,314,314,2021-10-30,1
315,315,315,2021-09-12,1
316,316,316,2018-09-29,1
317,317,317,2020-09-15,1
318,318,318,2019-09-26,1
319,319,319,2021-10-16,0
320,320,320,2021-09-20,1
321,321,321,2021-09-02,1
322,322,322,2021-09-19,1
323,323,323,2021-09-12,1
324,324,324,2021-09-09,1
325,325,325,2019-10-17,1
326,326,326,2021-10-28,1
327,327,327,2021-10-16,1
328,328,328,2021-09-05,1
329,329,329,2020-10-27,1
330,330,330,2021-10-13,1
331,331,331,2019-10-28,0
332,332,332,2021-09-01,1
333,333,333,2019-09-01,1
334,334,334,2019-09-19,1
335,335,335,2020-09-13,1
336,336,336,2020-09-29,1
337,337,337,2021-10-12,1
338,338,338,2021-09-17,1
339,339,339,2018-10-19,1
340,340,340,2021-10-30,1
341,341,341,2019-10-19,1
342,342,342,2019-09-23,1
343,343,343,2020-09-24,1
344,344,344,2021-09-27,1
345,345,345,2021-09-29,1
346,346,346,2021-09-21,0
347,347,347,2021-09-12,1
348,348,348,2021-09-12,1
349,349,349,2019-09-15,1
350,350,350,2021-10-15,1
351,351,351,2021-09-04,1
352,352,352,2020-10-21,1
353,353,353,2019-09-25,1
354,354,354,2021-10-01,1
355,355,355,2021-10-11,1
356,356,356,2021-09-25,1
357,357,357,2020-09-23,1
358,358,358,2021-09-17,1
359,359,359,2021-10-27,1
360,360,360,2021-09-24,1
361,361,361,2019-09-13,1
362,362,362,2017-10-18,1
363,363,363,2021-09-19,1
364,364,364,2021-09-13,1
365,365,365,2020-09-21,1
366,366,366,2020-10-19,1
367,367,367,2019-09-14,1
368,368,368,2021-10-09,1
369,369,369,2021-09-26,1
370,370,370,2020-09-29,1
371,371,371,2017-10-30,1
372,372,372,2020-09-15,1
373,373,373,2019-10-27,1
374,374,374,2021-10-10,1
375,375,375,2021-09-16,1
376,376,376,2017-10-25,1
377,377,377,2020-09-17,1
378,378,378,2021-10-04,1
379,379,379,2020-10-19,1
380,380,380,2020-09-02,1
381,381,381,2020-09-15,1
382,382,382,2021-09-06,1
383,383,383,2017-10-25,1
384,384,384,2019-09-25,1
385,385,385,2019-09-14,1
386,386,386,2021-10-19,1
387,387,387,2021-09-29,1
388,388,388,2021-10-08,1
389,389,389,2018-09-17,1
390,390,390,2021-10-23,1
391,391,391,2021-09-30,1
392,392,392,2021-10-10,1
393,393,393,2016-09-15,1
394,394,394,2021-10-27,1
395,395,395,2021-09-04,1
396,396,396,2020-09-23,1
397,397,397,2021-10-26,1
398,398,398,2021-10-24,1
399,399,399,2021-09-13,1
400,400,400,2020-10-06,1
401,401,401,2020-09-28,1
402,402,402,2021-09-01,1
403,403,403,2019-10-19,1
404,404,404,2020-09-10,1
405,405,405,2020-10-28,1
406,406,406,2021-09-27,1
407,407,407,2021-09-01,1
408,408,408,2019-10-04,1
409,409,409,2021-09-10,1
410,410,410,2020-09-30,1
411,411,411,2021-10-25,1
412,412,412,2020-10-22,1
413,413,413,2021-10-15,1
414,414,414,2017-09-25,1
415,415,415,2021-10-21,1
416,416,416,2021-09-17,1
417,417,417,2021-10-12,1
418,418,418,2020-10-11,1
419,419,419,2021-10-04,1
420,420,420,2016-09-22,1
421,421,421,2016-10-09,1
422,422,422,2017-09-08,1
423,423,423,2016-10-25,1
424,424,424,2019-09-27,1
425,425,425,2018-10-17,0
426,426,426,2020-09-09,1
427,427,427,2021-10-14,1
428,428,428,2021-09-16,1
429,429,429,2021-10-28,1
430,430,430,2021-09-11,1
431,431,431,2020-09-10,1
432,432,432,2020-09-08,1
433,433,433,2020-09-24,1
434,434,434,2021-10-07,1
435,435,435,2018-09-09,1
436,436,436,2020-10-04,1
437,437,437,2021-10-11,1
438,438,438,2021-09-04,1
439,439,439,2019-09-08,1
440,440,440,2019-10-25,1
441,441,441,2021-09-22,1
442,442,442,2021-09-29,1
443,443,443,2018-10-03,1
444,444,444,2016-10-02,1
445,445,445,2021-10-15,1
446,446,446,2019-09-10,1
447,447,447,2018-09-16,1
448,448,448,2020-10-09,1
449,449,449,2021-09-21,1
450,450,450,2019-10-14,1
451,451,451,2020-10-23,1
452,452,452,2021-10-05,1
453,453,453,2020-10-28,1
454,454,454,2020-10-16,1
455,455,455,2019-10-04,1
456,456,456,2021-10-08,1
457,457,457,2021-09-24,1
458,458,458,2021-10-13,1
459,459,459,2020-10-09,1
460,460,460,2021-09-30,0
461,461,461,2020-10-16,1
462,462,462,2018-10-08,1
463,463,463,2021-09-27,1
464,464,464,2021-09-09,1
465,465,465,2020-10-15,1
466,466,466,2021-10-25,1
467,467,467,2020-09-07,1
468,468,468,2021-10-07,1
469,469,469,2020-09-29,1
470,470,470,2020-10-20,0
471,471,471,2020-10-06,1
472,472,472,2021-09-13,1
473,473,473,2019-09-17,1
474,474,474,2021-10-30,0
475,475,475,2018-09-21,1
476,476,476,2019-09-24,1
477,477,477,2021-10-02,1
478,478,478,2021-10-03,1
479,479,479,2021-09-28,0
480,480,480,2016-09-09,1
481,481,481,2017-10-28,1
482,482,482,2020-10-02,1
483,483,483,2020-10-10,1
484,484,484,2021-09-26,1
485,485,485,2021-09-05,1
486,486,486,2021-10-12,1
487,487,487,2020-10-17,1
488,488,488,2020-10-21,1
489,489,489,2019-09-14,0
490,490,490,2021-09-02,1
491,491,491,2019-10-24,1
492,492,492,2017-10-22,1
493,493,493,2020-09-28,1
494,494,494,2021-10-02,1
495,495,495,2021-10-29,1
496,496,496,2020-10-21,1
497,497,497,2021-09-13,1
498,498,498,2016-09-10,1
499,499,499,2020-10-07,1
500,500,500,2017-09-08,1
501,501,501,2020-09-16,1
502,502,502,2021-10-05,1
503,503,503,2018-09-19,1
504,504,504,2017-10-10,1
505,505,505,2016-10-05,1
506,506,506,2020-10-03,0
507,507,507,2020-09-14,1
508,508,508,2021-09-08,1
509,509,509,2021-09-08,1
510,510,510,2020-10-11,1
511,511,511,2019-09-15,1
512,512,512,2019-10-03,1
513,513,513,2020-09-17,1
514,514,514,2020-09-05,1
515,515,515,2018-10-09,1
516,516,516,2017-09-26,1
517,517,517,2021-09-28,1
518,518,518,2019-10-10,0
519,519,519,2018-09-02,1
520,520,520,2020-10-17,1
521,521,521,2021-10-30,1
522,522,522,2021-10-23,1
523,523,523,2021-09-29,1
524,524,524,2021-09-04,1
525,525,525,2021-09-20,1
526,526,526,2021-09-04,1
527,527,527,2016-10-28,1
528,528,528,2021-09-08,1
529,529,529,2021-10-08,1
530,530,530,2021-09-20,1
531,531,531,2019-10-20,1
532,532,532,2021-10-14,1
533,533,533,2021-10-02,1
534,534,534,2021-10-14,1
535,535,535,2021-10-05,1
536,536,536,2020-10-30,1
537,537,537,2021-10-21,1
538,538,538,2020-09-26,1
539,539,539,2021-10-10,1
540,540,540,2021-09-25,1
541,541,541,2020-10-03,1
542,542,542,2020-09-28,1
543,543,543,2016-09-08,1
544,544,544,2017-09-10,0
545,545,545,2017-10-14,0
546,546,546,2021-10-03,0
547,547,547,2021-09-16,1
548,548,548,2019-09-26,1
549,549,549,2019-09-22,1
550,550,550,2021-09-27,1
551,551,551,2021-10-05,1
552,552,552,2020-09-19,1
553,553,553,2019-09-12,1
554,554,554,2018-09-27,1
555,555,555,2021-09-12,1
556,556,556,2021-09-15,1
557,557,557,2021-10-29,1
558,558,558,2017-10-23,1
559,559,559,2021-10-13,1
560,560,560,2020-09-29,1
561,561,561,2019-10-20,1
562,562,562,2021-10-24,1
563,563,563,2019-09-07,1
564,564,564,2019-09-04,1
565,565,565,2021-10-02,1
566,566,566,2021-10-18,1
567,567,567,2019-10-22,0
568,568,568,2020-09-02,1
569,569,569,2018-09-20,1
570,570,570,2020-09-07,1
571,571,571,2021-09-04,1
572,572,572,2021-09-16,1
573,573,573,2021-10-20,1
574,574,574,2021-10-05,1
575,575,575,2021-09-08,1
576,576,576,2018-09-05,1
577,577,577,2021-10-07,1
578,578,578,2020-09-17,1
579,579,579,2021-09-30,1
580,580,580,2021-10-28,1
581,581,581,2019-09-24,1
582,582,582,2020-10-22,1
583,583,583,2019-09-24,1
584,584,584,2021-09-18,1
585,585,585,2021-10-25,1
586,586,586,2018-09-29,1
587,587,587,2020-10-29,1
588,588,588,2016-10-25,1
589,589,589,2018-10-11,1
590,590,590,2018-10-31,1
591,591,591,2016-09-27,1
592,592,592,2020-09-05,1
593,593,593,2021-10-30,1
594,594,594,2021-10-31,1
595,595,595,2021-09-06,1
596,596,596,2020-09-22,1
597,597,597,2019-09-14,1
598,598,598,2021-10-11,1
599,599,599,2020-09-05,1
600,600,600,2020-10-31,1
601,601,601,2018-09-26,1
602,602,602,2021-09-04,1
603,603,603,2021-09-20,1
604,604,604,2020-10-23,1
605,605,605,2018-10-06,0
606,606,606,2019-10-13,1
607,607,607,2021-09-28,1
608,608,608,2020-09-07,1
609,609,609,2021-09-16,1
610,610,610,2019-09-17,1
611,611,611,2021-10-26,1
612,612,612,2021-10-25,1
613,613,613,2021-10-08,1
614,614,614,2017-10-16,1
615,615,615,2019-09-02,0
616,616,616,2020-09-09,1
617,617,617,2021-09-11,1
618,618,618,2020-10-01,1
619,619,619,2021-10-12,1
620,620,620,2020-09-27,1
621,621,621,2017-10-11,1
622,622,622,2021-09-29,1
623,623,623,2021-09-30,1
624,624,624,2016-09-08,1
625,625,625,2021-10-04,1
626,626,626,2020-09-10,1
627,627,627,2021-09-08,1
628,628,628,2021-09-02,1
629,629,629,2018-10-22,1
630,630,630,2020-10-10,1
631,631,631,2020-10-30,1
632,632,632,2021-10-11,1
633,633,633,2021-10-22,1
634,634,634,2021-09-18,1
635,635,635,2018-10-19,0
636,636,636,2021-10-24,1
637,637,637,2020-09-11,1
638,638,638,2020-10-06,1
639,639,639,2020-09-23,1
640,640,640,2020-09-11,1
641,641,641,2021-10-13,1
642,642,642,2020-09-13,1
643,643,643,2021-10-05,1
644,644,644,2017-09-17,1
645,645,645,2016-10-08,0
646,646,646,2018-10-27,1
647,647,647,2020-10-13,1
648,648,648,2021-09-06,1
649,649,649,2021-09-23,1
650,650,650,2020-10-01,1
651,651,651,2020-09-24,1
652,652,652,2020-09-08,1
653,653,653,2020-10-05,1
654,654,654,2021-10-08,1
655,655,655,2020-10-22,1
656,656,656,2021-09-03,1
657,657,657,2021-10-13,1
658,658,658,2018-10-23,1
659,659,659,2017-09-05,1
660,660,660,2018-09-16,1
661,661,661,2021-10-30,1
662,662,662,2021-10-19,1
663,663,663,2019-10-21,1
664,664,664,2021-10-02,1
665,665,665,2020-10-28,1
666,666,666,2020-09-10,1
667,667,667,2019-10-16,1
668,668,668,2020-09-20,1
669,669,669,2021-10-03,1
670,670,670,2019-09-09,1
671,671,671,2021-09-21,1
672,672,672,2021-10-31,1
673,673,673,2018-09-09,1
674,674,674,2018-10-16,1
675,675,675,2019-09-30,1
676,676,676,2021-10-05,1
677,677,677,2021-10-25,1
678,678,678,2017-09-19,1
679,679,679,2020-09-10,1
680,680,680,2020-10-16,1
681,681,681,2021-09-27,1
682,682,682,2020-10-02,1
683,683,683,2021-09-17,1
684,684,684,2020-10-06,1
685,685,685,2018-10-09,1
686,686,686,2016-09-25,1
687,687,687,2020-09-01,1
688,688,688,2020-09-12,0
689,689,689,2021-10-25,1
690,690,690,2018-09-10,1
691,691,691,2019-10-15,1
692,692,692,2021-10-27,1
693,693,693,2021-10-03,1
694,694,694,2020-09-04,1
695,695,695,2021-10-22,1
696,696,696,2021-10-02,1
697,697,697,2019-09-11,1
698,698,698,2020-10-25,1
699,699,699,2021-09-12,1
700,700,700,2021-10-03,1
701,701,701,2016-09-11,1
702,702,702,2018-09-29,1
703,703,703,2021-09-07,1
704,704,704,2016-09-03,1
705,705,705,2021-10-11,1
706,706,706,2020-10-03,1
707,707,707,2021-09-02,1
708,708,708,2019-09-07,1
709,709,709,2021-10-23,1
710,710,710,2021-09-29,1
711,711,711,2021-10-14,1
712,712,712,2019-10-26,1
713,713,713,2018-09-30,1
714,714,714,2017-09-27,1
715,715,715,2021-10-01,1
716,716,716,2021-09-08,1
717,717,717,2018-10-01,1
718,718,718,2016-09-26,1
719,719,719,2020-09-25,1
720,720,720,2019-09-30,1
721,721,721,2020-10-12,0
722,722,722,2018-10-11,1
723,723,723,2021-10-19,1
724,724,724,2021-09-18,1
725,725,725,2020-10-09,1
726,726,726,2020-10-23,1
727,727,727,2019-10-17,1
728,728,728,2016-10-23,1
729,729,729,2020-09-07,1
730,730,730,2020-09-14,1
731,731,731,2020-09-18,1
732,732,732,2019-09-15,1
733,733,733,2021-09-03,1
734,734,734,2021-09-04,1
735,735,735,2021-10-02,1
736,736,736,2020-10-29,1
737,737,737,2021-10-31,1
738,738,738,2019-09-01,1
739,739,739,2021-10-10,1
740,740,740,2016-09-09,1
741,741,741,2020-09-19,1
742,742,742,2019-09-26,1
743,743,743,2020-10-28,1
744,744,744,2021-09-01,1
745,745,745,2021-09-21,0
746,746,746,2020-09-05,1
747,747,747,2020-09-22,1
748,748,748,2020-09-29,1
749,749,749,2020-10-19,1
750,750,750,2019-09-22,1
751,751,751,2017-09-17,1
752,752,752,2016-09-19,1
753,753,753,2021-10-24,1
754,754,754,2020-09-04,1
755,755,755,2021-10-13,1
756,756,756,2016-10-15,1
757,757,757,2020-09-15,1
758,758,758,2021-09-30,1
759,759,759,2019-09-22,1
760,760,760,2021-09-30,1
761,761,761,2021-09-02,1
762,762,762,2020-10-22,1
763,763,763,2021-10-21,1
764,764,764,2019-09-06,1
765,765,765,2021-10-05,1
766,766,766,2021-10-27,1
767,767,767,2021-09-26,1
768,768,768,2018-10-31,1
769,769,769,2021-09-05,1
770,770,770,2019-10-02,1
771,771,771,2021-10-27,0
772,772,772,2018-09-11,1
773,773,773,2018-09-16,1
774,774,774,2020-09-30,1
775,775,775,2021-10-01,1
776,776,776,2021-10-27,1
777,777,777,2021-09-14,1
778,778,778,2020-09-15,1
779,779,779,2020-10-17,1
780,780,780,2020-09-26,1
781,781,781,2021-10-30,1
782,782,782,2019-09-04,1
783,783,783,2021-10-13,1
784,784,784,2020-09-03,1
785,785,785,2019-09-15,1
786,786,786,2019-09-26,1
787,787,787,2019-09-13,1
788,788,788,2021-09-14,1
789,789,789,2021-10-05,1
790,790,790,2021-09-02,1
791,791,791,2021-10-01,1
792,792,792,2021-10-12,1
793,793,793,2020-09-27,1
794,794,794,2020-09-28,1
795,795,795,2021-10-31,1
796,796,796,2021-09-05,1
797,797,797,2020-10-15,1
798,798,798,2017-09-15,1
799,799,799,2021-09-03,1
800,800,800,2021-10-20,1
801,801,801,2021-09-24,1
802,802,802,2021-10-24,1
803,803,803,2021-10-19,1
804,804,804,2019-10-03,1
805,805,805,2016-09-09,1
806,806,806,2018-10-13,1
807,807,807,2021-10-20,1
808,808,808,2021-09-01,1
809,809,809,2020-10-12,1
810,810,810,2021-10-22,1
811,811,811,2019-10-24,1
812,812,812,2019-09-26,1
813,813,813,2020-09-18,1
814,814,814,2021-10-03,1
815,815,815,2017-09-24,1
816,816,816,2019-10-11,1
817,817,817,2016-10-11,1
818,818,818,2021-10-01,1
819,819,819,2021-10-04,1
820,820,820,2016-09-08,1
821,821,821,2017-10-20,1
822,822,822,2019-09-06,0
823,823,823,2021-09-17,1
824,824,824,2021-09-22,1
825,825,825,2021-09-06,1
826,826,826,2018-09-18,1
827,827,827,2021-10-17,1
828,828,828,2019-10-25,1
829,829,829,2021-10-14,1
830,830,830,2017-09-12,1
831,831,831,2021-10-28,1
832,832,832,2019-09-30,0
833,833,833,2021-10-04,1
834,834,834,2020-10-15,1
835,835,835,2020-09-08,1
836,836,836,2020-10-27,1
837,837,837,2021-10-28,1
838,838,838,2021-10-27,1
839,839,839,2020-09-30,1
840,840,840,2019-09-12,1
841,841,841,2021-10-06,1
842,842,842,2020-10-15,1
843,843,843,2021-09-17,1
844,844,844,2016-09-02,1
845,845,845,2019-10-21,0
846,846,846,2021-09-02,1
847,847,847,2020-10-12,1
848,848,848,2017-10-22,1
849,849,849,2019-10-23,1
850,850,850,2020-10-28,1
851,851,851,2021-10-31,1
852,852,852,2018-10-22,1
853,853,853,2019-09-18,1
854,854,854,2019-10-29,1
855,855,855,2021-10-19,1
856,856,856,2018-10-09,1
857,857,857,2021-10-17,1
858,858,858,2021-10-03,1
859,859,859,2021-09-07,1
860,860,860,2020-10-29,1
861,861,861,2020-09-06,1
862,862,862,2021-09-04,1
863,863,863,2021-10-05,1
864,864,864,2017-09-19,1
865,865,865,2017-10-05,1
866,866,866,2021-09-23,1
867,867,867,2018-10-13,1
868,868,868,2019-09-30,1
869,869,869,2021-09-15,1
870,870,870,2016-10-14,1
871,871,871,2021-10-08,1
872,872,872,2019-09-18,1
873,873,873,2017-10-29,1
874,874,874,2020-10-11,1
875,875,875,2021-09-19,1
876,876,876,2021-09-18,1
877,877,877,2020-10-07,1
878,878,878,2019-09-25,1
879,879,879,2021-10-22,1
880,880,880,2021-09-12,1
881,881,881,2020-09-16,1
882,882,882,2021-09-25,1
883,883,883,2019-09-16,1
884,884,884,2019-09-05,1
885,885,885,2021-09-05,1
886,886,886,2019-09-18,1
887,887,887,2020-09-11,1
888,888,888,2020-09-04,1
889,889,889,2021-09-11,1
890,890,890,2020-10-17,1
891,891,891,2021-10-15,1
892,892,892,2020-09-08,1
893,893,893,2018-09-20,1
894,894,894,2021-09-26,1
895,895,895,2021-10-22,1
896,896,896,2020-09-11,1
897,897,897,2021-10-18,1
898,898,898,2021-09-27,1
899,899,899,2020-09-27,1
900,900,900,2019-09-14,1
901,901,901,2018-10-12,1
902,902,902,2017-10-11,1
903,903,903,2020-09-20,1
904,904,904,2020-10-14,0
905,905,905,2021-10-05,1
906,906,906,2021-09-07,1
907,907,907,2021-09-15,1
908,908,908,2016-10-11,1
909,909,909,2020-10-09,1
910,910,910,2021-09-23,1
911,911,911,2021-10-04,1
912,912,912,2017-09-07,1
913,913,913,2019-09-24,1
914,914,914,2021-09-03,1
915,915,915,2016-09-26,1
916,916,916,2020-10-09,1
917,917,917,2021-10-16,1
918,918,918,2018-10-19,1
919,919,919,2020-09-25,1
920,920,920,2021-10-26,1
921,921,921,2021-10-04,1
922,922,922,2021-09-27,1
923,923,923,2020-09-06,1
924,924,924,2020-10-29,1
925,925,925,2021-09-15,1
926,926,926,2019-09-25,1
927,927,927,2021-10-11,1
928,928,928,2020-10-01,1
929,929,929,2020-09-15,1
930,930,930,2019-10-02,1
931,931,931,2016-09-13,1
932,932,932,2020-09-10,1
933,933,933,2020-09-01,1
934,934,934,2021-10-29,1
935,935,935,2018-10-24,1
936,936,936,2021-10-19,1
937,937,937,2021-09-12,1
938,938,938,2021-09-19,1
939,939,939,2020-09-23,1
940,940,940,2021-09-12,1
941,941,941,2017-09-08,1
942,942,942,2017-09-15,1
943,943,943,2017-10-18,1
944,944,944,2019-09-11,1
945,945,945,2021-09-09,1
946,946,946,2021-09-14,1
947,947,947,2021-09-06,1
948,948,948,2017-10-12,1
949,949,949,2017-10-10,1
950,950,950,2021-10-18,1
951,951,951,2019-10-31,1
952,952,952,2017-10-26,1
953,953,953,2021-10-14,1
954,954,954,2021-10-24,1
955,955,955,2017-10-06,1
956,956,956,2018-09-25,1
957,957,957,2020-10-05,1
958,958,958,2016-09-09,1
959,959,959,2021-10-24,1
960,960,960,2019-09-10,1
961,961,961,2020-09-17,1
962,962,962,2021-10-19,1
963,963,963,2021-09-10,1
964,964,964,2016-09-30,1
965,965,965,2021-10-14,1
966,966,966,2021-10-07,1
967,967,967,2021-10-21,0
968,968,968,2020-09-02,1
969,969,969,2021-10-06,1
970,970,970,2021-10-20,1
971,971,971,2016-09-07,1
972,972,972,2020-10-07,1
973,973,973,2019-10-27,1
974,974,974,2020-10-10,1
975,975,975,2021-10-05,1
976,976,976,2020-10-28,1
977,977,977,2021-10-16,1
978,978,978,2019-10-24,1
979,979,979,2018-09-15,1
980,980,980,2017-09-30,1
981,981,981,2021-09-10,1
982,982,982,2018-09-02,1
983,983,983,2020-09-26,1
984,984,984,2018-10-21,1
985,985,985,2021-10-14,1
986,986,986,2021-09-26,1
987,987,987,2018-10-02,1
988,988,988,2018-10-25,1
989,989,989,2018-09-02,1
990,990,990,2019-10-24,1
991,991,991,2020-09-23,1
992,992,992,2020-09-05,1
993,993,993,2016-10-25,1
994,994,994,2020-10-02,1
995,995,995,2021-10-27,1
996,996,996,2021-10-29,1
997,997,997,2021-10-30,1
998,998,998,2021-10-28,1
999,999,999,2020-10-12,1
1000,1000,1000,2021-09-22,1
1001,1001,1001,2018-09-18,1
1002,1002,1002,2016-09-22,1
1003,1003,1003,2020-09-09,1
1004,1004,1004,2021-09-11,1
1005,1005,1005,2020-09-14,1
1006,1006,1006,2020-10-24,0
1007,1007,1007,2021-10-12,1
1008,1008,1008,2021-09-10,1
1009,1009,1009,2021-09-12,1
1010,1010,1010,2020-09-11,1
1011,1011,1011,2021-10-22,1
1012,1012,1012,2021-09-06,1
1013,1013,1013,2019-09-06,1
1014,1014,1014,2021-09-05,1
1015,1015,1015,2019-09-23,1
1016,1016,1016,2021-10-21,1
1017,1017,1017,2020-10-27,1
1018,1018,1018,2019-10-14,1
1019,1019,1019,2018-09-15,1
1020,1020,1020,2021-09-13,1
1021,1021,1021,2019-10-20,1
1022,1022,1022,2020-10-19,1
1023,1023,1023,2019-09-20,1
1024,1024,1024,2020-09-04,1
1025,1025,1025,2016-09-21,1
1026,1026,1026,2016-10-20,1
1027,1027,1027,2021-10-15,1
1028,1028,1028,2021-09-28,1
1029,1029,1029,2017-10-29,1
1030,1030,1030,2021-10-06,1
1031,1031,1031,2021-09-27,1
1032,1032,1032,2021-10-08,1
1033,1033,1033,2021-10-18,1
1034,1034,1034,2020-10-24,1
1035,1035,1035,2021-10-03,1
1036,1036,1036,2020-09-14,1
1037,1037,1037,2019-09-03,1
1038,1038,1038,2020-09-01,1
1039,1039,1039,2021-10-13,1
1040,1040,1040,2020-10-16,1
1041,1041,1041,2021-09-13,1
1042,1042,1042,2019-10-20,1
1043,1043,1043,2021-10-07,1
1044,1044,1044,2017-10-12,0
1045,1045,1045,2019-09-21,1
1046,1046,1046,2021-09-16,1
1047,1047,1047,2019-09-01,1
1048,1048,1048,2020-10-30,1
1049,1049,1049,2019-10-12,1
1050,1050,1050,2021-10-12,0
1051,1051,1051,2021-09-24,1
1052,1052,1052,2021-09-24,1
1053,1053,1053,2018-10-16,1
1054,1054,1054,2021-09-03,1
1055,1055,1055,2019-09-05,1
1056,1056,1056,2021-09-05,1
1057,1057,1057,2020-10-29,1
1058,1058,1058,2020-10-23,1
1059,1059,1059,2021-10-07,1
1060,1060,1060,2021-09-17,1
1061,1061,1061,2021-09-07,1
1062,1062,1062,2018-09-05,1
1063,1063,1063,2021-09-29,1
1064,1064,1064,2020-10-06,1
1065,1065,1065,2019-10-02,1
1066,1066,1066,2021-09-21,1
1067,1067,1067,2021-09-04,0
1068,1068,1068,2019-09-21,1
1069,1069,1069,2020-10-10,1
1070,1070,1070,2020-10-16,1
1071,1071,1071,2021-09-25,1
1072,1072,1072,2018-09-27,0
1073,1073,1073,2021-10-13,1
1074,1074,1074,2021-09-10,1
1075,1075,1075,2021-09-09,1
1076,1076,1076,2021-09-08,1
1077,1077,1077,2020-10-24,1
1078,1078,1078,2019-09-30,1
1079,1079,1079,2019-10-05,1
1080,1080,1080,2021-09-20,1
1081,1081,1081,2021-10-19,1
1082,1082,1082,2017-09-29,1
1083,1083,1083,2021-09-22,1
1084,1084,1084,2021-09-17,1
1085,1085,1085,2020-09-01,1
1086,1086,1086,2021-09-12,1
1087,1087,1087,2021-10-14,1
1088,1088,1088,2019-10-09,1
1089,1089,1089,2018-09-24,1
1090,1090,1090,2021-10-25,1
1091,1091,1091,2021-09-13,1
1092,1092,1092,2021-09-03,1
1093,1093,1093,2021-09-09,1
1094,1094,1094,2016-09-27,1
1095,1095,1095,2021-10-19,1
1096,1096,1096,2021-10-01,0
1097,1097,1097,2019-09-24,1
1098,1098,1098,2021-09-23,1
1099,1099,1099,2021-09-12,1
1100,1100,1100,2016-10-18,1
1101,1101,1101,2019-10-30,1
1102,1102,1102,2020-09-23,1
1103,1103,1103,2019-09-21,1
1104,1104,1104,2021-10-08,1
1105,1105,1105,2021-09-16,1
1106,1106,1106,2019-10-03,1
1107,1107,1107,2020-10-10,1
1108,1108,1108,2020-09-10,1
1109,1109,1109,2019-09-09,1
1110,1110,1110,2020-10-03,1
1111,1111,1111,2021-10-29,1
1112,1112,1112,2020-09-08,1
1113,1113,1113,2016-10-22,1
1114,1114,1114,2021-09-26,1
1115,1115,1115,2020-10-11,1
1116,1116,1116,2020-09-06,1
1117,1117,1117,2017-09-08,1
1118,1118,1118,2019-10-27,1
1119,1119,1119,2018-09-10,1
1120,1120,1120,2020-10-26,1
1121,1121,1121,2016-10-05,1
1122,1122,1122,2018-09-05,1
1123,1123,1123,2020-09-02,1
1124,1124,1124,2017-09-14,1
1125,1125,1125,2020-09-13,1
1126,1126,1126,2021-09-01,1
1127,1127,1127,2020-10-04,1
1128,1128,1128,2018-10-12,1
1129,1129,1129,2021-10-31,1
1130,1130,1130,2020-09-18,1
1131,1131,1131,2018-10-09,1
1132,1132,1132,2019-10-08,1
1133,1133,1133,2019-09-17,1
1134,1134,1134,2020-09-08,1
1135,1135,1135,2016-09-21,1
1136,1136,1136,2021-09-14,1
1137,1137,1137,2021-09-16,1
1138,1138,1138,2020-09-23,0
1139,1139,1139,2020-10-11,0
1140,1140,1140,2017-10-03,1
1141,1141,1141,2020-09-20,0
1142,1142,1142,2021-10-22,1
1143,1143,1143,2021-10-22,1
1144,1144,1144,2020-10-20,1
1145,1145,1145,2021-10-02,1
1146,1146,1146,2016-09-13,0
1147,1147,1147,2020-10-17,1
1148,1148,1148,2019-09-05,0
1149,1149,1149,2021-10-17,1
1150,1150,1150,2021-10-18,1
1151,1151,1151,2020-09-07,1
1152,1152,1152,2021-10-05,1
1153,1153,1153,2020-10-07,1
1154,1154,1154,2021-09-02,1
1155,1155,1155,2021-10-24,1
1156,1156,1156,2020-10-05,1
1157,1157,1157,2021-10-28,1
1158,1158,1158,2020-09-28,1
1159,1159,1159,2021-10-31,1
1160,1160,1160,2021-10-06,1
1161,1161,1161,2020-10-23,0
1162,1162,1162,2021-10-14,1
1163,1163,1163,2021-09-27,1
1164,1164,1164,2017-10-25,1
1165,1165,1165,2019-09-13,1
1166,1166,1166,2021-09-19,1
1167,1167,1167,2018-10-27,1
1168,1168,1168,2021-09-16,1
1169,1169,1169,2020-10-30,1
1170,1170,1170,2021-10-25,1
1171,1171,1171,2018-09-01,1
1172,1172,1172,2020-09-28,1
1173,1173,1173,2021-09-26,1
1174,1174,1174,2019-09-05,0
1175,1175,1175,2021-09-06,1
1176,1176,1176,2019-09-25,1
1177,1177,1177,2021-10-28,1
1178,1178,1178,2018-09-30,1
1179,1179,1179,2019-10-11,1
1180,1180,1180,2021-10-10,1
1181,1181,1181,2020-09-15,1
1182,1182,1182,2021-10-14,1
1183,1183,1183,2021-10-31,1
1184,1184,1184,2020-09-02,1
1185,1185,1185,2021-10-23,1
1186,1186,1186,2020-09-26,1
1187,1187,1187,2021-09-16,1
1188,1188,1188,2020-09-17,1
1189,1189,1189,2021-10-10,1
1190,1190,1190,2021-09-09,1
1191,1191,1191,2020-10-13,1
1192,1192,1192,2021-09-26,1
1193,1193,1193,2020-10-15,1
1194,1194,1194,2020-09-24,1
1195,1195,1195,2021-10-08,1
1196,1196,1196,2021-09-02,1
1197,1197,1197,2020-10-16,1
1198,1198,1198,2019-10-07,1
1199,1199,1199,2020-10-30,1
1200,1200,1200,2021-09-13,1
1201,1201,1201,2021-09-23,1
1202,1202,1202,2017-10-03,1
1203,1203,1203,2021-10-29,1
1204,1204,1204,2021-09-14,1
1205,1205,1205,2016-09-20,1
1206,1206,1206,2020-09-13,1
1207,1207,1207,2020-09-15,1
1208,1208,1208,2021-10-21,1
1209,1209,1209,2021-09-28,1
1210,1210,1210,2019-10-30,1
1211,1211,1211,2020-09-21,1
1212,1212,1212,2021-09-23,1
1213,1213,1213,2018-10-09,1
1214,1214,1214,2021-09-14,1
1215,1215,1215,2021-10-01,1
1216,1216,1216,2020-09-20,1
1217,1217,1217,2021-10-28,1
1218,1218,1218,2020-10-14,1
1219,1219,1219,2021-10-04,1
1220,1220,1220,2020-10-03,0
1221,1221,1221,2019-09-07,1
1222,1222,1222,2017-09-01,1
1223,1223,1223,2020-10-10,1
1224,1224,1224,2020-10-04,1
1225,1225,1225,2018-09-10,1
1226,1226,1226,2020-10-19,1
1227,1227,1227,2020-10-23,1
1228,1228,1228,2018-10-10,1
1229,1229,1229,2021-09-23,0
1230,1230,1230,2021-10-09,0
1231,1231,1231,2020-09-29,1
1232,1232,1232,2021-10-01,1
1233,1233,1233,2019-10-05,1
1234,1234,1234,2021-10-28,1
1235,1235,1235,2017-09-22,1
1236,1236,1236,2019-09-09,1
1237,1237,1237,2020-09-25,1
1238,1238,1238,2016-10-16,1
1239,1239,1239,2021-10-01,1
1240,1240,1240,2021-10-27,1
1241,1241,1241,2020-10-31,1
1242,1242,1242,2021-10-07,1
1243,1243,1243,2019-10-22,1
1244,1244,1244,2021-09-18,1
1245,1245,1245,2020-09-19,1
1246,1246,1246,2019-10-02,1
1247,1247,1247,2018-09-28,1
1248,1248,1248,2021-10-16,1
1249,1249,1249,2021-09-28,1
1250,1250,1250,2020-10-22,1
1251,1251,1251,2018-10-02,1
1252,1252,1252,2019-09-03,1
1253,1253,1253,2020-09-11,1
1254,1254,1254,2021-09-07,1
1255,1255,1255,2020-10-05,1
1256,1256,1256,2018-10-17,1
1257,1257,1257,2021-10-13,1
1258,1258,1258,2020-09-19,1
1259,1259,1259,2020-10-25,1
1260,1260,1260,2017-09-06,1
1261,1261,1261,2020-09-14,1
1262,1262,1262,2021-09-06,1
1263,1263,1263,2020-09-02,1
1264,1264,1264,2021-09-10,1
1265,1265,1265,2021-10-07,1
1266,1266,1266,2019-09-07,1
1267,1267,1267,2021-10-22,1
1268,1268,1268,2017-10-26,1
1269,1269,1269,2019-09-07,1
1270,1270,1270,2020-10-15,0
1271,1271,1271,2021-10-18,1
1272,1272,1272,2020-09-01,1
1273,1273,1273,2021-10-25,1
1274,1274,1274,2021-09-08,1
1275,1275,1275,2020-09-04,1
1276,1276,1276,2020-10-10,1
1277,1277,1277,2021-10-07,1
1278,1278,1278,2021-09-08,1
1279,1279,1279,2021-09-18,1
1280,1280,1280,2020-09-04,0
1281,1281,1281,2021-09-23,1
1282,1282,1282,2018-10-22,1
1283,1283,1283,2016-10-06,1
1284,1284,1284,2020-09-03,1
1285,1285,1285,2020-10-29,1
1286,1286,1286,2020-10-18,1
1287,1287,1287,2019-10-24,1
1288,1288,1288,2019-09-24,1
1289,1289,1289,2021-10-19,0
1290,1290,1290,2021-09-28,1
1291,1291,1291,2018-10-27,1
1292,1292,1292,2020-09-24,1
1293,1293,1293,2020-09-17,1
1294,1294,1294,2020-09-11,1
1295,1295,1295,2020-09-03,1
1296,1296,1296,2019-10-15,1
1297,1297,1297,2021-09-08,1
1298,1298,1298,2020-10-09,1
1299,1299,1299,2021-09-02,1
1300,1300,1300,2021-09-11,1
1301,1301,1301,2020-09-10,1
1302,1302,1302,2021-10-24,1
1303,1303,1303,2021-09-06,1
1304,1304,1304,2021-10-31,1
1305,1305,1305,2020-09-22,1
1306,1306,1306,2018-10-11,1
1307,1307,1307,2020-09-10,1
1308,1308,1308,2020-10-04,1
1309,1309,1309,2021-09-30,1
1310,1310,1310,2020-10-31,1
1311,1311,1311,2020-10-17,1
1312,1312,1312,2021-10-03,1
1313,1313,1313,2021-09-05,1
1314,1314,1314,2021-09-25,1
1315,1315,1315,2021-10-31,1
1316,1316,1316,2021-10-22,1
1317,1317,1317,2017-09-14,1
1318,1318,1318,2020-09-19,1
1319,1319,1319,2020-10-19,1
1320,1320,1320,2021-09-20,1
1321,1321,1321,2021-09-22,1
1322,1322,1322,2021-10-16,1
1323,1323,1323,2020-10-02,1
1324,1324,1324,2017-10-31,1
1325,1325,1325,2021-10-06,1
1326,1326,1326,2016-09-01,1
1327,1327,1327,2021-10-20,1
1328,1328,1328,2016-09-16,1
1329,1329,1329,2020-10-30,1
1330,1330,1330,2021-09-11,1
1331,1331,1331,2017-09-06,1
1332,1332,1332,2017-09-01,1
1333,1333,1333,2020-10-02,1
1334,1334,1334,2019-10-31,1
1335,1335,1335,2020-10-05,1
1336,1336,1336,2016-10-07,1
1337,1337,1337,2020-09-17,1
1338,1338,1338,2021-10-14,1
1339,1339,1339,2020-10-28,1
1340,1340,1340,2021-10-20,1
1341,1341,1341,2021-09-29,1
1342,1342,1342,2018-09-13,1
1343,1343,1343,2021-10-28,1
1344,1344,1344,2021-09-14,1
1345,1345,1345,2021-10-15,1
1346,1346,1346,2021-10-04,1
1347,1347,1347,2020-10-07,1
1348,1348,1348,2021-09-19,1
1349,1349,1349,2021-10-08,1
1350,1350,1350,2019-09-10,1
1351,1351,1351,2019-09-08,1
1352,1352,1352,2020-09-25,1
1353,1353,1353,2021-09-15,1
1354,1354,1354,2020-09-09,1
1355,1355,1355,2018-09-03,1
1356,1356,1356,2021-09-14,1
1357,1357,1357,2021-10-07,1
1358,1358,1358,2019-10-21,1
1359,1359,1359,2018-10-08,1
1360,1360,1360,2019-10-04,1
1361,1361,1361,2016-10-02,1
1362,1362,1362,2017-09-03,1
1363,1363,1363,2021-10-27,0
1364,1364,1364,2021-10-22,1
1365,1365,1365,2019-09-26,1
1366,1366,1366,2020-10-24,1
1367,1367,1367,2021-10-01,1
1368,1368,1368,2021-09-12,1
1369,1369,1369,2021-09-30,1
1370,1370,1370,2019-09-07,1
1371,1371,1371,2021-09-30,1
1372,1372,1372,2017-09-01,0
1373,1373,1373,2021-10-26,1
1374,1374,1374,2017-09-02,1
1375,1375,1375,2017-10-19,1
1376,1376,1376,2020-09-05,1
1377,1377,1377,2021-09-03,1
1378,1378,1378,2021-09-29,1
1379,1379,1379,2020-10-03,1
1380,1380,1380,2019-10-29,1
1381,1381,1381,2017-09-10,1
1382,1382,1382,2021-10-27,1
1383,1383,1383,2021-10-31,1
1384,1384,1384,2020-10-11,1
1385,1385,1385,2020-09-11,1
1386,1386,1386,2021-10-16,1
1387,1387,1387,2020-09-06,1
1388,1388,1388,2019-09-06,1
1389,1389,1389,2019-09-03,1
1390,1390,1390,2019-10-14,1
1391,1391,1391,2016-10-27,1
1392,1392,1392,2021-10-29,1
1393,1393,1393,2016-09-18,1
1394,1394,1394,2021-10-08,1
1395,1395,1395,2021-09-09,1
1396,1396,1396,2021-10-25,1
1397,1397,1397,2020-09-10,1
1398,1398,1398,2020-09-25,1
1399,1399,1399,2018-09-14,1
1400,1400,1400,2020-09-12,1
1401,1401,1401,2020-10-19,1
1402,1402,1402,2017-09-11,1
1403,1403,1403,2018-10-01,1
1404,1404,1404,2021-09-30,1
1405,1405,1405,2020-10-11,1
1406,1406,1406,2019-09-07,1
1407,1407,1407,2021-09-17,1
1408,1408,1408,2021-09-06,1
1409,1409,1409,2021-09-08,1
1410,1410,1410,2021-10-22,1
1411,1411,1411,2021-10-08,0
1412,1412,1412,2021-10-21,0
1413,1413,1413,2021-09-05,1
1414,1414,1414,2021-09-30,1
1415,1415,1415,2018-09-19,1
1416,1416,1416,2021-10-14,1
1417,1417,1417,2018-09-09,1
1418,1418,1418,2019-10-28,0
1419,1419,1419,2020-10-27,1
1420,1420,1420,2020-10-06,1
1421,1421,1421,2020-10-21,1
1422,1422,1422,2021-10-25,1
1423,1423,1423,2021-10-15,1
1424,1424,1424,2021-09-14,1
1425,1425,1425,2020-09-21,1
1426,1426,1426,2019-09-29,1
1427,1427,1427,2019-10-29,1
1428,1428,1428,2021-10-27,1
1429,1429,1429,2021-09-12,0
1430,1430,1430,2021-10-11,1
1431,1431,1431,2021-10-14,1
1432,1432,1432,2016-09-06,1
1433,1433,1433,2021-10-23,1
1434,1434,1434,2021-10-28,1
1435,1435,1435,2020-09-30,1
1436,1436,1436,2021-10-01,1
1437,1437,1437,2021-10-26,1
1438,1438,1438,2018-10-29,1
1439,1439,1439,2017-10-04,1
1440,1440,1440,2020-09-22,1
1441,1441,1441,2019-10-27,1
1442,1442,1442,2021-09-25,1
1443,1443,1443,2019-10-23,1
1444,1444,1444,2017-09-09,1
1445,1445,1445,2019-10-07,1
1446,1446,1446,2020-09-15,1
1447,1447,1447,2020-09-06,1
1448,1448,1448,2019-10-13,1
1449,1449,1449,2021-10-13,1
1450,1450,1450,2018-10-08,1
1451,1451,1451,2016-09-03,1
1452,1452,1452,2020-10-31,1
1453,1453,1453,2021-10-20,1
1454,1454,1454,2019-09-06,1
1455,1455,1455,2020-09-21,1
1456,1456,1456,2017-10-04,1
1457,1457,1457,2021-09-13,1
1458,1458,1458,2021-10-06,1
1459,1459,1459,2018-09-07,1
1460,1460,1460,2021-09-18,1
1461,1461,1461,2021-10-16,1
1462,1462,1462,2021-09-19,1
1463,1463,1463,2021-10-16,1
1464,1464,1464,2021-09-20,1
1465,1465,1465,2021-09-23,1
1466,1466,1466,2020-10-31,1
1467,1467,1467,2018-09-20,1
1468,1468,1468,2020-09-08,1
1469,1469,1469,2018-10-25,1
1470,1470,1470,2021-10-20,1
1471,1471,1471,2021-10-06,1
1472,1472,1472,2021-09-01,1
1473,1473,1473,2021-09-21,1
1474,1474,1474,2018-09-17,1
1475,1475,1475,2019-10-18,1
1476,1476,1476,2019-10-20,1
1477,1477,1477,2020-10-15,1
1478,1478,1478,2018-09-19,1
1479,1479,1479,2021-09-06,1
1480,1480,1480,2018-09-07,1
1481,1481,1481,2021-10-29,1
1482,1482,1482,2018-10-12,1
1483,1483,1483,2021-10-09,0
1484,1484,1484,2020-10-18,1
1485,1485,1485,2021-09-19,1
1486,1486,1486,2021-10-28,1
1487,1487,1487,2019-10-09,1
1488,1488,1488,2020-09-30,1
1489,1489,1489,2020-10-31,1
1490,1490,1490,2020-10-20,1
1491,1491,1491,2021-10-06,1
1492,1492,1492,2019-09-06,1
1493,1493,1493,2020-09-11,1
1494,1494,1494,2019-10-04,1
1495,1495,1495,2021-09-13,1
1496,1496,1496,2020-09-04,1
1497,1497,1497,2019-10-05,1
1498,1498,1498,2020-10-04,1
1499,1499,1499,2019-10-25,1
1500,1500,1500,2016-09-19,1
1501,1501,1501,2021-09-22,1
1502,1502,1502,2021-10-05,1
1503,1503,1503,2021-09-27,1
1504,1504,1504,2020-10-05,1
1505,1505,1505,2018-09-25,1
1506,1506,1506,2021-10-12,1
1507,1507,1507,2021-10-25,1
1508,1508,1508,2020-10-10,1
1509,1509,1509,2020-10-08,1
1510,1510,1510,2021-09-29,1
1511,1511,1511,2019-09-26,1
1512,1512,1512,2021-09-05,1
1513,1513,1513,2019-10-21,1
1514,1514,1514,2020-10-18,1
1515,1515,1515,2020-09-21,1
1516,1516,1516,2021-10-23,1
1517,1517,1517,2021-09-01,1
1518,1518,1518,2021-10-24,1
1519,1519,1519,2020-10-11,1
1520,1520,1520,2019-10-30,0
1521,1521,1521,2021-09-17,1
1522,1522,1522,2017-09-30,1
1523,1523,1523,2016-10-11,1
1524,1524,1524,2018-09-07,1
1525,1525,1525,2019-09-03,0
1526,1526,1526,2021-10-19,1
1527,1527,1527,2020-09-17,1
1528,1528,1528,2018-09-27,1
1529,1529,1529,2016-10-26,1
1530,1530,1530,2021-09-21,1
1531,1531,1531,2019-10-06,1
1532,1532,1532,2017-09-14,1
1533,1533,1533,2020-09-20,1
1534,1534,1534,2019-09-22,1
1535,1535,1535,2016-10-31,1
1536,1536,1536,2019-09-02,1
1537,1537,1537,2021-09-26,1
1538,1538,1538,2018-10-14,1
1539,1539,1539,2021-09-22,1
1540,1540,1540,2020-10-12,1
1541,1541,1541,2016-10-09,1
1542,1542,1542,2021-10-17,1
1543,1543,1543,2021-09-09,1
1544,1544,1544,2020-09-17,1
1545,1545,1545,2020-09-14,1
1546,1546,1546,2021-09-07,1
1547,1547,1547,2021-09-16,1
1548,1548,1548,2019-10-08,1
1549,1549,1549,2017-09-10,1
1550,1550,1550,2017-09-11,1
1551,1551,1551,2021-09-11,1
1552,1552,1552,2021-10-15,1
1553,1553,1553,2020-09-22,1
1554,1554,1554,2019-10-09,1
1555,1555,1555,2021-09-10,0
1556,1556,1556,2021-09-26,1
1557,1557,1557,2021-09-07,1
1558,1558,1558,2020-10-08,1
1559,1559,1559,2017-10-07,1
1560,1560,1560,2021-10-26,1
1561,1561,1561,2020-09-10,1
1562,1562,1562,2020-09-03,1
1563,1563,1563,2020-09-11,0
1564,1564,1564,2018-10-11,1
1565,1565,1565,2021-09-16,1
1566,1566,1566,2021-10-20,1
1567,1567,1567,2021-10-27,1
1568,1568,1568,2021-09-19,1
1569,1569,1569,2021-10-29,1
1570,1570,1570,2019-10-20,1
1571,1571,1571,2016-09-30,1
1572,1572,1572,2021-09-24,1
1573,1573,1573,2021-10-06,0
1574,1574,1574,2021-09-03,1
1575,1575,1575,2016-09-25,1
1576,1576,1576,2021-10-13,1
1577,1577,1577,2021-10-31,1
1578,1578,1578,2017-10-30,1
1579,1579,1579,2021-10-22,1
1580,1580,1580,2020-09-13,1
1581,1581,1581,2021-10-14,1
1582,1582,1582,2018-09-09,1
1583,1583,1583,2018-10-09,1
1584,1584,1584,2019-09-29,1
1585,1585,1585,2017-09-05,1
1586,1586,1586,2019-09-26,1
1587,1587,1587,2020-10-30,1
1588,1588,1588,2020-09-28,1
1589,1589,1589,2019-10-20,1
1590,1590,1590,2017-10-23,1
1591,1591,1591,2016-09-08,1
1592,1592,1592,2021-10-25,1
1593,1593,1593,2020-10-23,1
1594,1594,1594,2019-09-14,1
1595,1595,1595,2021-10-14,1
1596,1596,1596,2019-10-17,1
1597,1597,1597,2021-10-03,1
1598,1598,1598,2017-10-15,1
1599,1599,1599,2020-10-17,1
1600,1600,1600,2021-10-24,1
1601,1601,1601,2017-09-26,1
1602,1602,1602,2020-09-10,1
1603,1603,1603,2019-10-07,1
1604,1604,1604,2020-09-01,1
1605,1605,1605,2021-09-22,1
1606,1606,1606,2021-09-07,1
1607,1607,1607,2021-09-24,1
1608,1608,1608,2021-09-07,1
1609,1609,1609,2021-10-02,1
1610,1610,1610,2020-09-30,1
1611,1611,1611,2018-10-08,1
1612,1612,1612,2021-09-21,1
1613,1613,1613,2020-09-11,1
1614,1614,1614,2021-09-07,1
1615,1615,1615,2021-10-25,1
1616,1616,1616,2021-10-17,1
1617,1617,1617,2020-09-15,1
1618,1618,1618,2020-10-31,1
1619,1619,1619,2016-10-14,1
1620,1620,1620,2021-09-21,1
1621,1621,1621,2019-09-13,1
1622,1622,1622,2020-09-27,0
1623,1623,1623,2021-09-08,1
1624,1624,1624,2021-09-10,1
1625,1625,1625,2021-09-07,1
1626,1626,1626,2018-10-25,1
1627,1627,1627,2020-10-07,1
1628,1628,1628,2016-09-27,1
1629,1629,1629,2020-09-05,1
1630,1630,1630,2021-09-15,1
1631,1631,1631,2021-10-10,1
1632,1632,1632,2018-10-24,1
1633,1633,1633,2021-10-18,1
1634,1634,1634,2021-10-29,1
1635,1635,1635,2021-10-20,1
1636,1636,1636,2017-09-06,1
1637,1637,1637,2019-10-23,1
1638,1638,1638,2021-10-14,1
1639,1639,1639,2021-10-13,1
1640,1640,1640,2021-10-31,1
1641,1641,1641,2020-10-07,1
1642,1642,1642,2019-09-29,1
1643,1643,1643,2021-10-30,1
1644,1644,1644,2021-09-09,1
1645,1645,1645,2020-09-26,1
1646,1646,1646,2019-09-27,1
1647,1647,1647,2017-09-25,1
1648,1648,1648,2021-09-09,1
1649,1649,1649,2019-10-16,1
1650,1650,1650,2020-10-02,1
1651,1651,1651,2019-10-20,1
1652,1652,1652,2021-10-29,1
1653,1653,1653,2021-09-24,1
1654,1654,1654,2016-09-06,1
1655,1655,1655,2020-09-28,1
1656,1656,1656,2018-09-04,1
1657,1657,1657,2020-10-23,1
1658,1658,1658,2021-09-23,1
1659,1659,1659,2020-10-17,1
1660,1660,1660,2021-09-29,1
1661,1661,1661,2021-10-06,1
1662,1662,1662,2016-10-01,1
1663,1663,1663,2020-09-11,1
1664,1664,1664,2020-09-19,1
1665,1665,1665,2020-10-09,1
1666,1666,1666,2018-09-30,1
1667,1667,1667,2021-10-02,1
1668,1668,1668,2020-10-12,1
1669,1669,1669,2021-10-16,1
1670,1670,1670,2019-09-18,1
1671,1671,1671,2018-09-20,1
1672,1672,1672,2019-10-10,1
1673,1673,1673,2021-10-11,1
1674,1674,1674,2021-09-30,1
1675,1675,1675,2021-10-28,1
1676,1676,1676,2021-10-15,1
1677,1677,1677,2019-10-11,1
1678,1678,1678,2021-10-13,1
1679,1679,1679,2017-09-04,1
1680,1680,1680,2019-10-15,1
1681,1681,1681,2020-10-01,1
1682,1682,1682,2019-10-10,1
1683,1683,1683,2019-10-05,1
1684,1684,1684,2021-09-14,1
1685,1685,1685,2017-10-13,1
1686,1686,1686,2021-10-29,1
1687,1687,1687,2019-09-29,1
1688,1688,1688,2021-10-08,1
1689,1689,1689,2021-09-30,1
1690,1690,1690,2021-09-17,1
1691,1691,1691,2021-09-16,1
1692,1692,1692,2019-09-19,1
1693,1693,1693,2019-09-28,1
1694,1694,1694,2021-10-08,1
1695,1695,1695,2017-10-23,1
1696,1696,1696,2020-09-25,1
1697,1697,1697,2019-10-02,1
1698,1698,1698,2017-09-05,1
1699,1699,1699,2020-10-29,1
1700,1700,1700,2021-10-16,1
1701,1701,1701,2019-09-13,1
1702,1702,1702,2021-09-28,1
1703,1703,1703,2020-09-27,1
1704,1704,1704,2020-10-26,1
1705,1705,1705,2019-10-26,1
1706,1706,1706,2021-09-20,1
1707,1707,1707,2019-10-14,0
1708,1708,1708,2021-10-26,1
1709,1709,1709,2020-10-09,1
1710,1710,1710,2020-09-13,1
1711,1711,1711,2019-10-31,1
1712,1712,1712,2018-09-20,1
1713,1713,1713,2017-09-14,1
1714,1714,1714,2019-10-25,1
1715,1715,1715,2021-10-31,1
1716,1716,1716,2021-10-26,1
1717,1717,1717,2021-09-03,1
1718,1718,1718,2021-10-15,1
1719,1719,1719,2021-09-03,1
1720,1720,1720,2019-09-27,1
1721,1721,1721,2018-10-11,1
1722,1722,1722,2018-09-17,1
1723,1723,1723,2021-09-10,1
1724,1724,1724,2021-09-06,1
1725,1725,1725,2021-10-21,1
1726,1726,1726,2020-10-07,1
1727,1727,1727,2021-10-14,1
1728,1728,1728,2019-09-28,1
1729,1729,1729,2021-10-20,1
1730,1730,1730,2021-10-22,1
1731,1731,1731,2021-09-10,1
1732,1732,1732,2019-10-17,1
1733,1733,1733,2021-10-22,1
1734,1734,1734,2020-10-06,1
1735,1735,1735,2021-10-26,1
1736,1736,1736,2021-10-14,1
1737,1737,1737,2020-10-02,0
1738,1738,1738,2018-10-05,1
1739,1739,1739,2021-09-13,1
1740,1740,1740,2021-09-12,1
1741,1741,1741,2021-09-01,1
1742,1742,1742,2020-09-25,1
1743,1743,1743,2021-09-20,1
1744,1744,1744,2021-09-20,1
1745,1745,1745,2020-09-25,1
1746,1746,1746,2021-10-09,1
1747,1747,1747,2021-10-06,1
1748,1748,1748,2021-10-12,1
1749,1749,1749,2018-10-20,1
1750,1750,1750,2021-09-02,1
1751,1751,1751,2021-09-13,1
1752,1752,1752,2021-10-29,1
1753,1753,1753,2021-10-20,1
1754,1754,1754,2018-10-19,1
1755,1755,1755,2018-09-07,1
1756,1756,1756,2021-10-14,1
1757,1757,1757,2020-09-27,1
1758,1758,1758,2020-10-27,1
1759,1759,1759,2021-09-02,1
1760,1760,1760,2021-10-18,1
1761,1761,1761,2021-09-05,1
1762,1762,1762,2016-10-24,1
1763,1763,1763,2019-10-11,1
1764,1764,1764,2021-09-14,1
1765,1765,1765,2021-09-12,1
1766,1766,1766,2020-10-24,1
1767,1767,1767,2020-09-14,1
1768,1768,1768,2021-10-11,1
1769,1769,1769,2021-09-12,1
1770,1770,1770,2019-09-05,1
1771,1771,1771,2021-10-09,1
1772,1772,1772,2020-10-27,1
1773,1773,1773,2021-10-27,1
1774,1774,1774,2021-10-30,1
1775,1775,1775,2019-10-06,1
1776,1776,1776,2021-09-01,1
1777,1777,1777,2020-09-22,1
1778,1778,1778,2021-09-22,1
1779,1779,1779,2020-10-23,1
1780,1780,1780,2019-10-03,1
1781,1781,1781,2020-09-02,1
1782,1782,1782,2019-09-19,1
1783,1783,1783,2019-10-24,1
1784,1784,1784,2019-10-29,1
1785,1785,1785,2019-10-08,1
1786,1786,1786,2020-10-13,1
1787,1787,1787,2020-09-13,1
1788,1788,1788,2021-10-10,1
1789,1789,1789,2021-10-23,1
1790,1790,1790,2019-10-24,1
1791,1791,1791,2020-09-22,0
1792,1792,1792,2021-10-31,1
1793,1793,1793,2019-09-02,1
1794,1794,1794,2021-09-20,1
1795,1795,1795,2020-09-11,1
1796,1796,1796,2021-09-03,1
1797,1797,1797,2021-09-27,0
1798,1798,1798,2019-09-10,1
1799,1799,1799,2021-09-20,1
1800,1800,1800,2017-09-11,1
1801,1801,1801,2018-09-30,1
1802,1802,1802,2019-10-14,1
1803,1803,1803,2021-10-10,1
1804,1804,1804,2020-09-27,1
1805,1805,1805,2019-10-11,1
1806,1806,1806,2019-10-26,1
1807,1807,1807,2021-10-30,1
1808,1808,1808,2021-10-05,1
1809,1809,1809,2021-09-05,1
1810,1810,1810,2021-10-21,1
1811,1811,1811,2021-09-27,1
1812,1812,1812,2021-09-20,1
1813,1813,1813,2018-10-26,1
1814,1814,1814,2020-10-07,1
1815,1815,1815,2021-10-31,1
1816,1816,1816,2021-09-07,1
1817,1817,1817,2020-10-20,1
1818,1818,1818,2019-09-30,1
1819,1819,1819,2021-09-25,1
1820,1820,1820,2021-10-13,1
1821,1821,1821,2019-09-01,1
1822,1822,1822,2021-10-13,1
1823,1823,1823,2021-09-01,1
1824,1824,1824,2021-10-25,1
1825,1825,1825,2020-10-10,1
1826,1826,1826,2016-09-29,1
1827,1827,1827,2020-10-15,1
1828,1828,1828,2019-09-04,1
1829,1829,1829,2020-09-29,1
1830,1830,1830,2021-09-11,1
1831,1831,1831,2021-10-29,1
1832,1832,1832,2020-10-10,1
1833,1833,1833,2020-10-05,1
1834,1834,1834,2021-09-01,1
1835,1835,1835,2018-10-22,1
1836,1836,1836,2016-09-20,1
1837,1837,1837,2020-10-21,1
1838,1838,1838,2020-10-01,1
1839,1839,1839,2021-10-24,1
1840,1840,1840,2017-09-19,1
1841,1841,1841,2021-09-07,1
1842,1842,1842,2021-10-13,1
1843,1843,1843,2019-09-05,1
1844,1844,1844,2021-09-03,1
1845,1845,1845,2021-09-02,1
1846,1846,1846,2021-09-27,1
1847,1847,1847,2021-09-01,1
1848,1848,1848,2021-09-07,1
1849,1849,1849,2021-10-21,1
1850,1850,1850,2018-09-24,1
1851,1851,1851,2020-09-04,1
1852,1852,1852,2021-09-05,0
1853,1853,1853,2019-09-15,1
1854,1854,1854,2020-10-17,0
1855,1855,1855,2021-09-05,1
1856,1856,1856,2020-10-05,1
1857,1857,1857,2020-09-01,1
1858,1858,1858,2020-10-05,1
1859,1859,1859,2021-09-30,1
1860,1860,1860,2021-09-25,1
1861,1861,1861,2021-09-26,1
1862,1862,1862,2021-09-18,1
1863,1863,1863,2021-10-26,1
1864,1864,1864,2021-09-06,1
1865,1865,1865,2016-09-10,1
1866,1866,1866,2021-09-24,1
1867,1867,1867,2021-10-27,1
1868,1868,1868,2020-09-19,1
1869,1869,1869,2017-09-19,1
1870,1870,1870,2021-09-30,1
1871,1871,1871,2020-10-07,1
1872,1872,1872,2016-09-05,1
1873,1873,1873,2020-10-15,1
1874,1874,1874,2021-10-26,1
1875,1875,1875,2020-10-08,1
1876,1876,1876,2021-10-11,1
1877,1877,1877,2018-09-22,1
1878,1878,1878,2019-10-03,1
1879,1879,1879,2018-10-15,1
1880,1880,1880,2021-09-08,1
1881,1881,1881,2019-10-19,1
1882,1882,1882,2018-09-24,1
1883,1883,1883,2021-10-04,1
1884,1884,1884,2021-10-21,1
1885,1885,1885,2020-10-31,1
1886,1886,1886,2021-10-17,1
1887,1887,1887,2021-10-25,1
1888,1888,1888,2020-09-26,1
1889,1889,1889,2020-09-04,1
1890,1890,1890,2020-10-16,1
1891,1891,1891,2020-09-10,1
1892,1892,1892,2016-10-01,1
1893,1893,1893,2019-09-23,1
1894,1894,1894,2021-10-17,1
1895,1895,1895,2021-09-10,1
1896,1896,1896,2021-10-25,1
1897,1897,1897,2020-10-04,1
1898,1898,1898,2021-10-19,1
1899,1899,1899,2017-09-21,1
1900,1900,1900,2020-09-11,0
1901,1901,1901,2020-10-30,1
1902,1902,1902,2019-10-17,1
1903,1903,1903,2021-09-05,1
1904,1904,1904,2019-10-16,1
1905,1905,1905,2017-10-10,1
1906,1906,1906,2021-10-24,1
1907,1907,1907,2021-09-17,1
1908,1908,1908,2020-09-25,1
1909,1909,1909,2021-09-07,1
1910,1910,1910,2018-09-23,1
1911,1911,1911,2016-10-16,1
1912,1912,1912,2016-09-29,1
1913,1913,1913,2016-10-12,1
1914,1914,1914,2016-10-09,1
1915,1915,1915,2018-09-26,1
1916,1916,1916,2020-09-09,1
1917,1917,1917,2021-10-16,1
1918,1918,1918,2021-10-17,1
1919,1919,1919,2020-09-15,1
1920,1920,1920,2021-09-04,1
1921,1921,1921,2020-10-20,1
1922,1922,1922,2021-10-31,1
1923,1923,1923,2020-09-03,0
1924,1924,1924,2021-09-01,1
1925,1925,1925,2019-10-24,1
1926,1926,1926,2021-09-05,1
1927,1927,1927,2020-10-24,1
1928,1928,1928,2017-10-23,1
1929,1929,1929,2021-10-09,1
1930,1930,1930,2021-10-25,1
1931,1931,1931,2017-10-17,1
1932,1932,1932,2019-09-20,1
1933,1933,1933,2019-09-10,1
1934,1934,1934,2021-09-28,1
1935,1935,1935,2020-09-19,1
1936,1936,1936,2021-10-23,1
1937,1937,1937,2017-09-07,1
1938,1938,1938,2021-09-19,1
1939,1939,1939,2017-09-04,1
1940,1940,1940,2020-09-19,1
1941,1941,1941,2019-09-30,1
1942,1942,1942,2020-10-13,1
1943,1943,1943,2021-10-12,1
1944,1944,1944,2017-10-16,1
1945,1945,1945,2016-09-02,1
1946,1946,1946,2020-09-08,1
1947,1947,1947,2021-10-27,1
1948,1948,1948,2021-10-10,0
1949,1949,1949,2021-10-04,1
1950,1950,1950,2021-09-26,1
1951,1951,1951,2021-10-19,1
1952,1952,1952,2021-10-27,1
1953,1953,1953,2021-09-09,1
1954,1954,1954,2021-10-21,1
1955,1955,1955,2020-10-14,0
1956,1956,1956,2019-10-31,0
1957,1957,1957,2016-10-21,1
1958,1958,1958,2018-09-07,1
1959,1959,1959,2021-09-03,1
1960,1960,1960,2021-10-19,1
1961,1961,1961,2018-10-18,1
1962,1962,1962,2020-10-16,1
1963,1963,1963,2020-10-28,1
1964,1964,1964,2021-10-29,1
1965,1965,1965,2021-10-09,1
1966,1966,1966,2017-09-10,1
1967,1967,1967,2021-09-26,1
1968,1968,1968,2021-09-23,1
1969,1969,1969,2019-09-12,1
1970,1970,1970,2020-09-18,1
1971,1971,1971,2020-10-11,1
1972,1972,1972,2016-09-10,1
1973,1973,1973,2021-10-29,1
1974,1974,1974,2021-09-12,1
1975,1975,1975,2021-10-18,1
1976,1976,1976,2021-09-07,1
1977,1977,1977,2019-10-19,1
1978,1978,1978,2020-09-05,1
1979,1979,1979,2021-09-08,1
1980,1980,1980,2017-09-12,1
1981,1981,1981,2021-09-29,1
1982,1982,1982,2019-09-25,0
1983,1983,1983,2018-09-17,0
1984,1984,1984,2020-09-12,1
1985,1985,1985,2020-10-25,1
1986,1986,1986,2017-09-07,1
1987,1987,1987,2020-09-23,1
1988,1988,1988,2020-10-13,1
1989,1989,1989,2020-10-26,1
1990,1990,1990,2020-09-07,1
1991,1991,1991,2019-09-17,1
1992,1992,1992,2019-10-25,1
1993,1993,1993,2020-09-14,1
1994,1994,1994,2021-10-21,1
1995,1995,1995,2018-09-08,1
1996,1996,1996,2020-09-08,1
1997,1997,1997,2018-10-24,0
1998,1998,1998,2021-10-23,1
1999,1999,1999,2016-09-04,1
2000,2000,2000,2020-10-20,1
2001,2001,2001,2018-09-23,1
2002,2002,2002,2021-10-04,1
2003,2003,2003,2021-10-21,1
2004,2004,2004,2018-09-24,1
2005,2005,2005,2021-09-27,1
2006,2006,2006,2021-10-18,1
2007,2007,2007,2020-09-28,1
2008,2008,2008,2020-09-04,1
2009,2009,2009,2016-10-09,1
2010,2010,2010,2021-10-25,1
2011,2011,2011,2021-10-11,1
2012,2012,2012,2021-10-04,1
2013,2013,2013,2020-09-20,1
2014,2014,2014,2020-09-18,1
2015,2015,2015,2018-09-04,1
2016,2016,2016,2021-09-19,1
2017,2017,2017,2017-10-22,1
2018,2018,2018,2019-09-05,1
2019,2019,2019,2020-09-14,1
2020,2020,2020,2021-10-18,1
2021,2021,2021,2018-09-21,1
2022,2022,2022,2021-09-08,1
2023,2023,2023,2020-09-23,1
2024,2024,2024,2021-09-01,1
2025,2025,2025,2019-10-29,1
2026,2026,2026,2018-09-10,1
2027,2027,2027,2017-09-24,1
2028,2028,2028,2017-09-20,1
2029,2029,2029,2017-10-01,1
2030,2030,2030,2021-09-29,1
2031,2031,2031,2021-10-27,1
2032,2032,2032,2021-09-14,1
2033,2033,2033,2019-10-05,1
2034,2034,2034,2021-10-06,1
2035,2035,2035,2021-09-18,1
2036,2036,2036,2021-10-12,1
2037,2037,2037,2021-09-23,1
2038,2038,2038,2017-09-27,1
2039,2039,2039,2016-09-18,1
2040,2040,2040,2021-09-07,0
2041,2041,2041,2021-10-29,1
2042,2042,2042,2018-09-02,1
2043,2043,2043,2021-09-27,1
2044,2044,2044,2018-10-26,1
2045,2045,2045,2021-09-14,1
2046,2046,2046,2020-09-21,1
2047,2047,2047,2017-10-16,1
2048,2048,2048,2020-09-12,1
2049,2049,2049,2019-10-06,1
2050,2050,2050,2018-09-28,1
2051,2051,2051,2020-09-30,1
2052,2052,2052,2021-09-25,1
2053,2053,2053,2021-09-04,1
2054,2054,2054,2019-09-08,1
2055,2055,2055,2021-10-15,1
2056,2056,2056,2017-09-05,1
2057,2057,2057,2021-10-15,1
2058,2058,2058,2019-10-24,0
2059,2059,2059,2016-09-28,1
2060,2060,2060,2019-09-18,1
2061,2061,2061,2020-10-28,1
2062,2062,2062,2021-10-28,1
2063,2063,2063,2019-09-19,1
2064,2064,2064,2020-09-01,1
2065,2065,2065,2020-09-26,1
2066,2066,2066,2018-09-27,1
2067,2067,2067,2020-09-10,1
2068,2068,2068,2020-10-07,1
2069,2069,2069,2020-10-01,1
2070,2070,2070,2020-09-15,1
2071,2071,2071,2020-09-22,1
2072,2072,2072,2021-09-26,1
2073,2073,2073,2021-09-03,1
2074,2074,2074,2020-10-26,1
2075,2075,2075,2019-09-29,1
2076,2076,2076,2018-09-01,1
2077,2077,2077,2019-09-17,1
2078,2078,2078,2020-10-13,1
2079,2079,2079,2021-09-01,1
2080,2080,2080,2019-09-18,1
2081,2081,2081,2021-10-17,1
2082,2082,2082,2019-09-16,1
2083,2083,2083,2021-10-28,1
2084,2084,2084,2021-09-21,1
2085,2085,2085,2017-10-02,1
2086,2086,2086,2020-10-14,1
2087,2087,2087,2020-10-06,1
2088,2088,2088,2020-09-13,1
2089,2089,2089,2017-09-13,1
2090,2090,2090,2019-10-09,1
2091,2091,2091,2021-09-23,1
2092,2092,2092,2020-09-15,1
2093,2093,2093,2020-10-24,1
2094,2094,2094,2021-09-29,1
2095,2095,2095,2018-09-10,1
2096,2096,2096,2020-09-24,1
2097,2097,2097,2020-09-29,1
2098,2098,2098,2021-09-20,1
2099,2099,2099,2019-09-22,1
2100,2100,2100,2021-10-05,1
2101,2101,2101,2021-09-27,1
2102,2102,2102,2018-09-05,1
2103,2103,2103,2020-09-30,1
2104,2104,2104,2020-10-17,1
2105,2105,2105,2021-10-10,1
2106,2106,2106,2019-10-06,1
2107,2107,2107,2021-10-17,1
2108,2108,2108,2020-10-17,1
2109,2109,2109,2021-10-14,1
2110,2110,2110,2018-09-04,1
2111,2111,2111,2021-09-08,1
2112,2112,2112,2021-09-10,1
2113,2113,2113,2017-09-20,1
2114,2114,2114,2020-09-07,1
2115,2115,2115,2019-09-28,1
2116,2116,2116,2020-10-16,0
2117,2117,2117,2021-09-02,1
2118,2118,2118,2021-10-25,1
2119,2119,2119,2021-10-01,1
2120,2120,2120,2020-10-08,1
2121,2121,2121,2021-09-05,1
2122,2122,2122,2019-09-29,1
2123,2123,2123,2020-10-23,1
2124,2124,2124,2017-10-09,1
2125,2125,2125,2019-09-13,1
2126,2126,2126,2021-10-23,1
2127,2127,2127,2017-10-29,1
2128,2128,2128,2021-09-20,1
2129,2129,2129,2021-09-14,1
2130,2130,2130,2021-09-02,1
2131,2131,2131,2021-09-15,1
2132,2132,2132,2017-10-16,1
2133,2133,2133,2020-10-31,1
2134,2134,2134,2019-10-30,1
2135,2135,2135,2021-09-01,1
2136,2136,2136,2021-09-02,1
2137,2137,2137,2021-09-25,1
2138,2138,2138,2021-09-01,1
2139,2139,2139,2016-10-13,1
2140,2140,2140,2019-09-20,1
2141,2141,2141,2017-10-17,1
2142,2142,2142,2021-09-03,1
2143,2143,2143,2021-10-17,1
2144,2144,2144,2021-10-27,1
2145,2145,2145,2019-09-05,1
2146,2146,2146,2020-10-03,1
2147,2147,2147,2021-09-26,0
2148,2148,2148,2020-09-27,1
2149,2149,2149,2021-09-12,1
2150,2150,2150,2020-09-28,1
2151,2151,2151,2020-09-15,1
2152,2152,2152,2021-10-06,1
2153,2153,2153,2021-10-18,1
2154,2154,2154,2021-10-16,1
2155,2155,2155,2020-10-27,1
2156,2156,2156,2020-10-06,1
2157,2157,2157,2019-10-10,1
2158,2158,2158,2020-10-10,1
2159,2159,2159,2021-09-04,1
2160,2160,2160,2021-10-11,1
2161,2161,2161,2016-09-08,1
2162,2162,2162,2020-10-30,1
2163,2163,2163,2021-10-05,1
2164,2164,2164,2021-09-26,1
2165,2165,2165,2021-10-15,1
2166,2166,2166,2021-10-08,1
2167,2167,2167,2020-10-19,1
2168,2168,2168,2017-10-05,1
2169,2169,2169,2019-09-18,1
2170,2170,2170,2019-09-21,1
2171,2171,2171,2020-09-15,1
2172,2172,2172,2017-09-07,1
2173,2173,2173,2016-09-16,1
2174,2174,2174,2020-10-17,1
2175,2175,2175,2019-10-31,1
2176,2176,2176,2020-10-01,1
2177,2177,2177,2020-09-15,1
2178,2178,2178,2018-10-26,1
2179,2179,2179,2019-10-29,1
2180,2180,2180,2016-10-14,1
2181,2181,2181,2020-09-09,1
2182,2182,2182,2020-09-15,1
2183,2183,2183,2020-09-21,1
2184,2184,2184,2020-09-15,1
2185,2185,2185,2019-09-28,1
2186,2186,2186,2020-10-19,1
2187,2187,2187,2021-10-08,1
2188,2188,2188,2021-09-04,1
2189,2189,2189,2021-10-12,1
2190,2190,2190,2020-10-08,1
2191,2191,2191,2019-09-29,1
2192,2192,2192,2021-10-25,1
2193,2193,2193,2021-10-22,1
2194,2194,2194,2021-10-01,1
2195,2195,2195,2021-10-13,1
2196,2196,2196,2016-10-29,1
2197,2197,2197,2021-09-23,1
2198,2198,2198,2018-09-05,1
2199,2199,2199,2017-10-11,1
2200,2200,2200,2018-10-20,1
2201,2201,2201,2021-10-13,1
2202,2202,2202,2018-10-13,1
2203,2203,2203,2017-09-07,1
2204,2204,2204,2016-10-19,1
2205,2205,2205,2021-09-27,1
2206,2206,2206,2019-09-07,1
2207,2207,2207,2018-09-04,1
2208,2208,2208,2021-10-20,1
2209,2209,2209,2021-09-13,1
2210,2210,2210,2020-09-19,1
2211,2211,2211,2021-09-03,1
2212,2212,2212,2019-09-07,1
2213,2213,2213,2020-10-08,1
2214,2214,2214,2021-10-13,1
2215,2215,2215,2020-09-17,1
2216,2216,2216,2020-10-26,1
2217,2217,2217,2017-10-24,1
2218,2218,2218,2019-09-22,1
2219,2219,2219,2019-10-07,1
2220,2220,2220,2020-10-22,1
2221,2221,2221,2021-09-30,1
2222,2222,2222,2021-09-12,1
2223,2223,2223,2018-10-14,1
2224,2224,2224,2021-09-17,1
2225,2225,2225,2020-09-28,1
2226,2226,2226,2020-10-17,1
2227,2227,2227,2020-09-27,1
2228,2228,2228,2020-09-18,1
2229,2229,2229,2016-10-25,1
2230,2230,2230,2021-09-30,1
2231,2231,2231,2020-10-22,1
2232,2232,2232,2021-09-20,1
2233,2233,2233,2021-10-29,1
2234,2234,2234,2019-09-07,1
2235,2235,2235,2020-10-01,1
2236,2236,2236,2021-10-31,1
2237,2237,2237,2021-10-20,1
2238,2238,2238,2018-09-10,1
2239,2239,2239,2021-09-30,0
2240,2240,2240,2021-10-10,1
2241,2241,2241,2020-09-05,1
2242,2242,2242,2020-10-24,1
2243,2243,2243,2021-10-23,1
2244,2244,2244,2021-09-21,1
2245,2245,2245,2020-09-02,1
2246,2246,2246,2019-10-03,1
2247,2247,2247,2021-10-09,1
2248,2248,2248,2020-09-24,0
2249,2249,2249,2021-10-08,1
2250,2250,2250,2021-10-30,1
2251,2251,2251,2020-10-18,1
2252,2252,2252,2019-10-21,1
2253,2253,2253,2021-09-23,1
2254,2254,2254,2021-10-02,1
2255,2255,2255,2018-09-12,1
2256,2256,2256,2021-10-26,1
2257,2257,2257,2021-09-26,1
2258,2258,2258,2018-09-15,1
2259,2259,2259,2021-10-30,1
2260,2260,2260,2018-09-13,1
2261,2261,2261,2021-09-08,1
2262,2262,2262,2019-09-13,1
2263,2263,2263,2020-10-28,1
2264,2264,2264,2020-10-01,1
2265,2265,2265,2021-10-29,1
2266,2266,2266,2021-10-24,1
2267,2267,2267,2021-09-06,1
2268,2268,2268,2019-10-30,1
2269,2269,2269,2019-10-25,0
2270,2270,2270,2021-09-11,1
2271,2271,2271,2021-10-22,1
2272,2272,2272,2020-09-04,1
2273,2273,2273,2021-10-19,1
2274,2274,2274,2017-10-01,1
2275,2275,2275,2020-10-25,1
2276,2276,2276,2021-09-26,1
2277,2277,2277,2020-10-26,1
2278,2278,2278,2021-09-23,1
2279,2279,2279,2021-10-16,1
2280,2280,2280,2021-09-22,1
2281,2281,2281,2019-09-20,1
2282,2282,2282,2021-10-20,1
2283,2283,2283,2021-09-12,1
2284,2284,2284,2020-10-11,1
2285,2285,2285,2018-09-23,1
2286,2286,2286,2017-10-31,1
2287,2287,2287,2019-10-11,1
2288,2288,2288,2020-10-10,1
2289,2289,2289,2021-09-27,1
2290,2290,2290,2020-10-05,1
2291,2291,2291,2019-09-15,1
2292,2292,2292,2021-10-02,1
2293,2293,2293,2021-09-21,1
2294,2294,2294,2019-09-19,1
2295,2295,2295,2021-10-01,1
2296,2296,2296,2020-10-17,1
2297,2297,2297,2021-10-04,1
2298,2298,2298,2018-10-10,1
2299,2299,2299,2021-09-20,1
2300,2300,2300,2019-10-14,1
2301,2301,2301,2021-10-25,1
2302,2302,2302,2021-10-04,1
2303,2303,2303,2017-10-30,1
2304,2304,2304,2021-10-10,1
2305,2305,2305,2020-10-15,1
2306,2306,2306,2020-09-23,1
2307,2307,2307,2021-09-10,1
2308,2308,2308,2018-10-09,1
2309,2309,2309,2021-10-01,1
2310,2310,2310,2020-10-16,1
2311,2311,2311,2021-10-29,1
2312,2312,2312,2021-10-18,1
2313,2313,2313,2021-10-31,1
2314,2314,2314,2021-10-04,1
2315,2315,2315,2018-10-10,1
2316,2316,2316,2019-09-04,1
2317,2317,2317,2021-10-24,1
2318,2318,2318,2021-10-20,1
2319,2319,2319,2020-10-25,1
2320,2320,2320,2018-09-22,1
2321,2321,2321,2021-10-17,1
2322,2322,2322,2019-09-28,1
2323,2323,2323,2021-10-29,1
2324,2324,2324,2021-10-29,1
2325,2325,2325,2021-10-21,1
2326,2326,2326,2021-09-04,1
2327,2327,2327,2020-10-10,1
2328,2328,2328,2021-09-10,0
2329,2329,2329,2021-10-03,1
2330,2330,2330,2016-10-08,1
2331,2331,2331,2020-09-16,1
2332,2332,2332,2019-09-25,1
2333,2333,2333,2019-10-21,1
2334,2334,2334,2021-09-15,1
2335,2335,2335,2021-10-30,1
2336,2336,2336,2021-10-31,1
2337,2337,2337,2021-10-29,1
2338,2338,2338,2021-09-06,1
2339,2339,2339,2020-09-27,1
2340,2340,2340,2018-10-08,1
2341,2341,2341,2021-09-01,1
2342,2342,2342,2018-09-15,1
2343,2343,2343,2020-10-21,1
2344,2344,2344,2021-09-11,1
2345,2345,2345,2021-10-17,1
2346,2346,2346,2021-10-25,1
2347,2347,2347,2018-09-11,1
2348,2348,2348,2019-10-13,1
2349,2349,2349,2021-09-08,1
2350,2350,2350,2018-09-05,1
2351,2351,2351,2021-10-27,1
2352,2352,2352,2021-10-09,1
2353,2353,2353,2021-10-08,1
2354,2354,2354,2020-09-08,1
2355,2355,2355,2021-10-10,1
2356,2356,2356,2016-09-10,1
2357,2357,2357,2021-10-25,1
2358,2358,2358,2021-09-24,1
2359,2359,2359,2020-09-23,1
2360,2360,2360,2021-09-20,1
2361,2361,2361,2021-09-11,1
2362,2362,2362,2021-09-17,1
2363,2363,2363,2021-10-04,1
2364,2364,2364,2016-09-26,1
2365,2365,2365,2020-09-07,1
2366,2366,2366,2021-10-13,1
2367,2367,2367,2021-09-01,1
2368,2368,2368,2021-10-07,0
2369,2369,2369,2019-09-05,1
2370,2370,2370,2016-09-26,1
2371,2371,2371,2016-09-26,1
2372,2372,2372,2019-09-03,1
2373,2373,2373,2021-09-12,1
2374,2374,2374,2021-10-04,1
2375,2375,2375,2020-09-10,1
2376,2376,2376,2018-09-18,1
2377,2377,2377,2021-10-22,1
2378,2378,2378,2019-09-02,1
2379,2379,2379,2019-09-20,1
2380,2380,2380,2021-09-13,1
2381,2381,2381,2019-10-08,1
2382,2382,2382,2020-09-25,1
2383,2383,2383,2021-09-18,1
2384,2384,2384,2018-10-21,1
2385,2385,2385,2020-09-02,1
2386,2386,2386,2021-09-25,1
2387,2387,2387,2021-09-02,1
2388,2388,2388,2021-10-30,1
2389,2389,2389,2020-09-29,1
2390,2390,2390,2021-10-06,1
2391,2391,2391,2021-10-17,1
2392,2392,2392,2020-10-25,1
2393,2393,2393,2021-09-21,1
2394,2394,2394,2020-10-15,1
2395,2395,2395,2021-10-30,1
2396,2396,2396,2021-09-23,1
2397,2397,2397,2021-09-20,1
2398,2398,2398,2021-09-11,1
2399,2399,2399,2017-09-03,1
2400,2400,2400,2021-10-08,1
2401,2401,2401,2018-09-05,1
2402,2402,2402,2018-09-30,1
2403,2403,2403,2021-09-13,1
2404,2404,2404,2020-09-02,1
2405,2405,2405,2021-09-03,1
2406,2406,2406,2020-10-10,1
2407,2407,2407,2019-10-12,1
2408,2408,2408,2021-10-17,1
2409,2409,2409,2021-10-20,1
2410,2410,2410,2019-10-02,1
2411,2411,2411,2020-09-28,1
2412,2412,2412,2020-09-20,1
2413,2413,2413,2021-10-05,1
2414,2414,2414,2018-10-05,1
2415,2415,2415,2020-10-15,1
2416,2416,2416,2016-09-21,1
2417,2417,2417,2019-10-24,1
2418,2418,2418,2020-10-29,1
2419,2419,2419,2021-10-20,1
2420,2420,2420,2016-10-12,1
2421,2421,2421,2020-10-30,1
2422,2422,2422,2018-10-23,1
2423,2423,2423,2021-10-04,1
2424,2424,2424,2019-10-12,0
2425,2425,2425,2021-10-18,1
2426,2426,2426,2020-09-23,1
2427,2427,2427,2021-10-15,1
2428,2428,2428,2020-09-11,1
2429,2429,2429,2021-09-06,1
2430,2430,2430,2016-09-20,1
2431,2431,2431,2020-10-19,1
2432,2432,2432,2020-09-24,1
2433,2433,2433,2021-10-20,1
2434,2434,2434,2020-10-25,1
2435,2435,2435,2020-09-20,1
2436,2436,2436,2020-10-05,1
2437,2437,2437,2021-10-17,1
2438,2438,2438,2020-09-16,1
2439,2439,2439,2020-09-24,1
2440,2440,2440,2021-09-22,1
2441,2441,2441,2021-09-30,1
2442,2442,2442,2021-09-22,1
2443,2443,2443,2021-09-01,1
2444,2444,2444,2021-10-17,1
2445,2445,2445,2018-10-05,1
2446,2446,2446,2016-09-19,1
2447,2447,2447,2020-10-08,1
2448,2448,2448,2021-10-08,1
2449,2449,2449,2020-09-28,1
2450,2450,2450,2021-10-17,1
2451,2451,2451,2017-10-30,1
2452,2452,2452,2021-10-13,1
2453,2453,2453,2021-10-03,1
2454,2454,2454,2020-09-25,1
2455,2455,2455,2021-10-02,1
2456,2456,2456,2020-10-06,1
2457,2457,2457,2020-10-13,1
2458,2458,2458,2021-10-17,1
2459,2459,2459,2019-10-08,1
2460,2460,2460,2018-10-11,1
2461,2461,2461,2020-10-18,1
2462,2462,2462,2017-09-17,1
2463,2463,2463,2019-09-16,1
2464,2464,2464,2021-10-04,1
2465,2465,2465,2021-09-18,1
2466,2466,2466,2019-09-05,1
2467,2467,2467,2021-09-11,1
2468,2468,2468,2021-09-24,1
2469,2469,2469,2016-09-27,1
2470,2470,2470,2021-09-03,1
2471,2471,2471,2020-09-08,1
2472,2472,2472,2019-09-19,0
2473,2473,2473,2020-10-18,1
2474,2474,2474,2020-10-05,1
2475,2475,2475,2017-09-07,1
2476,2476,2476,2018-09-02,1
2477,2477,2477,2019-10-18,1
2478,2478,2478,2021-10-14,1
2479,2479,2479,2018-09-07,1
2480,2480,2480,2017-10-06,1
2481,2481,2481,2017-09-24,0
2482,2482,2482,2021-09-12,1
2483,2483,2483,2016-10-15,1
2484,2484,2484,2020-10-28,1
2485,2485,2485,2019-10-08,1
2486,2486,2486,2020-09-23,1
2487,2487,2487,2017-09-05,1
2488,2488,2488,2021-09-29,1
2489,2489,2489,2020-10-03,1
2490,2490,2490,2021-10-14,1
2491,2491,2491,2020-10-04,1
2492,2492,2492,2020-10-25,1
2493,2493,2493,2019-10-31,1
2494,2494,2494,2016-09-25,1
2495,2495,2495,2020-09-01,1
2496,2496,2496,2017-09-05,1
2497,2497,2497,2021-10-02,1
2498,2498,2498,2018-09-01,1
2499,2499,2499,2021-09-18,1
2500,2500,2500,2016-09-19,1
2501,2501,2501,2021-09-10,1
2502,2502,2502,2020-09-22,1
2503,2503,2503,2020-09-29,1
2504,2504,2504,2018-09-02,1
2505,2505,2505,2019-09-04,1
2506,2506,2506,2021-09-23,1
2507,2507,2507,2021-09-12,1
2508,2508,2508,2019-10-17,1
2509,2509,2509,2020-09-05,1
2510,2510,2510,2021-09-03,1
2511,2511,2511,2020-09-04,1
2512,2512,2512,2021-09-01,1
2513,2513,2513,2021-10-24,1
2514,2514,2514,2018-09-11,1
2515,2515,2515,2021-09-27,1
2516,2516,2516,2018-09-07,1
2517,2517,2517,2020-09-07,1
2518,2518,2518,2021-09-14,1
2519,2519,2519,2020-09-11,1
2520,2520,2520,2019-10-26,1
2521,2521,2521,2021-09-14,0
2522,2522,2522,2020-09-22,1
2523,2523,2523,2021-09-10,1
2524,2524,2524,2021-10-14,1
2525,2525,2525,2021-09-18,1
2526,2526,2526,2016-09-09,1
2527,2527,2527,2020-10-25,1
2528,2528,2528,2020-10-02,1
2529,2529,2529,2020-10-27,1
2530,2530,2530,2019-10-03,1
2531,2531,2531,2020-09-07,0
2532,2532,2532,2021-10-09,1
2533,2533,2533,2021-10-01,1
2534,2534,2534,2018-09-04,1
2535,2535,2535,2021-09-18,1
2536,2536,2536,2019-09-26,1
2537,2537,2537,2021-09-25,1
2538,2538,2538,2017-09-15,1
2539,2539,2539,2018-10-04,0
2540,2540,2540,2021-09-22,1
2541,2541,2541,2021-09-16,1
2542,2542,2542,2018-10-31,1
2543,2543,2543,2021-09-22,1
2544,2544,2544,2020-09-13,1
2545,2545,2545,2020-09-25,1
2546,2546,2546,2017-09-28,1
2547,2547,2547,2021-10-14,1
2548,2548,2548,2019-10-20,1
2549,2549,2549,2017-10-05,1
2550,2550,2550,2021-10-29,1
2551,2551,2551,2017-10-12,1
2552,2552,2552,2016-09-07,1
2553,2553,2553,2018-10-22,1
2554,2554,2554,2020-10-30,1
2555,2555,2555,2018-09-28,1
2556,2556,2556,2020-10-30,1
2557,2557,2557,2017-09-09,1
2558,2558,2558,2019-09-08,1
2559,2559,2559,2016-10-23,1
2560,2560,2560,2021-10-10,1
2561,2561,2561,2018-09-05,1
2562,2562,2562,2021-09-25,1
2563,2563,2563,2021-10-02,1
2564,2564,2564,2021-09-10,1
2565,2565,2565,2021-10-02,1
2566,2566,2566,2021-10-14,0
2567,2567,2567,2021-10-10,1
2568,2568,2568,2020-09-20,1
2569,2569,2569,2020-10-19,1
2570,2570,2570,2017-09-08,1
2571,2571,2571,2020-09-07,1
2572,2572,2572,2021-09-21,1
2573,2573,2573,2021-09-20,0
2574,2574,2574,2019-09-12,1
2575,2575,2575,2019-10-02,1
2576,2576,2576,2020-09-19,1
2577,2577,2577,2019-09-15,1
2578,2578,2578,2021-10-12,1
2579,2579,2579,2021-10-16,1
2580,2580,2580,2021-09-12,1
2581,2581,2581,2018-09-27,1
2582,2582,2582,2021-10-27,1
2583,2583,2583,2021-09-18,1
2584,2584,2584,2021-09-25,1
2585,2585,2585,2021-09-09,1
2586,2586,2586,2016-09-06,1
2587,2587,2587,2020-09-30,0
2588,2588,2588,2021-09-11,1
2589,2589,2589,2021-09-01,1
2590,2590,2590,2020-10-10,1
2591,2591,2591,2018-09-01,1
2592,2592,2592,2021-09-26,1
2593,2593,2593,2021-10-29,1
2594,2594,2594,2021-10-27,1
2595,2595,2595,2018-10-20,1
2596,2596,2596,2021-10-10,1
2597,2597,2597,2020-10-27,1
2598,2598,2598,2019-10-27,1
2599,2599,2599,2017-10-23,1
2600,2600,2600,2017-09-08,1
2601,2601,2601,2020-09-18,1
2602,2602,2602,2020-10-27,1
2603,2603,2603,2019-10-26,1
2604,2604,2604,2018-09-07,1
2605,2605,2605,2020-09-28,1
2606,2606,2606,2020-10-29,1
2607,2607,2607,2020-10-15,1
2608,2608,2608,2020-10-26,1
2609,2609,2609,2019-10-10,1
2610,2610,2610,2016-09-26,1
2611,2611,2611,2021-10-12,1
2612,2612,2612,2021-10-12,1
2613,2613,2613,2020-09-18,1
2614,2614,2614,2020-10-06,1
2615,2615,2615,2019-10-23,1
2616,2616,2616,2019-09-04,1
2617,2617,2617,2017-10-26,1
2618,2618,2618,2021-09-15,1
2619,2619,2619,2021-10-09,1
2620,2620,2620,2020-09-27,1
2621,2621,2621,2019-09-04,1
2622,2622,2622,2021-10-04,1
2623,2623,2623,2019-10-11,1
2624,2624,2624,2020-09-13,1
2625,2625,2625,2019-10-31,1
2626,2626,2626,2020-10-31,1
2627,2627,2627,2018-09-30,1
2628,2628,2628,2021-09-11,0
2629,2629,2629,2021-09-28,1
2630,2630,2630,2019-10-21,1
2631,2631,2631,2019-09-17,1
2632,2632,2632,2021-09-20,1
2633,2633,2633,2018-10-13,1
2634,2634,2634,2021-09-06,1
2635,2635,2635,2021-10-31,1
2636,2636,2636,2020-10-23,1
2637,2637,2637,2021-09-09,1
2638,2638,2638,2021-09-02,1
2639,2639,2639,2021-10-11,1
2640,2640,2640,2021-09-30,1
2641,2641,2641,2018-09-19,1
2642,2642,2642,2019-10-18,1
2643,2643,2643,2019-09-18,1
2644,2644,2644,2021-09-25,1
2645,2645,2645,2021-09-09,1
2646,2646,2646,2021-10-06,1
2647,2647,2647,2016-10-29,1
2648,2648,2648,2021-09-25,1
2649,2649,2649,2021-10-09,1
2650,2650,2650,2021-10-28,1
2651,2651,2651,2021-10-03,1
2652,2652,2652,2019-09-28,1
2653,2653,2653,2016-10-12,1
2654,2654,2654,2020-09-21,1
2655,2655,2655,2021-09-18,1
2656,2656,2656,2017-09-23,1
2657,2657,2657,2020-09-30,1
2658,2658,2658,2021-10-06,1
2659,2659,2659,2019-09-26,1
2660,2660,2660,2020-10-12,1
2661,2661,2661,2016-09-24,1
2662,2662,2662,2020-10-05,1
2663,2663,2663,2018-09-21,1
2664,2664,2664,2019-09-23,0
2665,2665,2665,2017-10-05,1
2666,2666,2666,2021-10-04,1
2667,2667,2667,2020-09-16,1
2668,2668,2668,2021-10-08,1
2669,2669,2669,2021-10-01,1
2670,2670,2670,2016-09-12,1
2671,2671,2671,2021-10-24,1
2672,2672,2672,2020-10-19,1
2673,2673,2673,2017-10-11,1
2674,2674,2674,2020-10-08,1
2675,2675,2675,2021-10-27,1
2676,2676,2676,2020-10-01,1
2677,2677,2677,2021-09-15,1
2678,2678,2678,2021-10-05,1
2679,2679,2679,2021-09-03,1
2680,2680,2680,2016-09-07,1
2681,2681,2681,2021-09-12,1
2682,2682,2682,2019-10-31,1
2683,2683,2683,2021-10-29,1
2684,2684,2684,2021-09-14,1
2685,2685,2685,2018-10-29,1
2686,2686,2686,2021-10-22,1
2687,2687,2687,2018-10-08,1
2688,2688,2688,2020-10-28,1
2689,2689,2689,2021-10-07,1
2690,2690,2690,2021-10-04,1
2691,2691,2691,2021-09-23,1
2692,2692,2692,2019-09-17,1
2693,2693,2693,2021-09-11,1
2694,2694,2694,2020-09-09,0
2695,2695,2695,2019-10-08,1
2696,2696,2696,2020-10-08,1
2697,2697,2697,2020-09-17,1
2698,2698,2698,2021-10-11,1
2699,2699,2699,2017-10-05,1
2700,2700,2700,2021-09-05,1
2701,2701,2701,2019-09-10,1
2702,2702,2702,2021-10-10,1
2703,2703,2703,2016-09-16,1
2704,2704,2704,2017-09-27,1
2705,2705,2705,2018-09-11,1
2706,2706,2706,2019-09-18,1
2707,2707,2707,2021-10-03,1
2708,2708,2708,2020-10-08,1
2709,2709,2709,2021-10-26,1
2710,2710,2710,2020-10-23,1
2711,2711,2711,2021-10-24,1
2712,2712,2712,2021-09-10,1
2713,2713,2713,2021-09-18,1
2714,2714,2714,2019-09-20,1
2715,2715,2715,2021-10-01,1
2716,2716,2716,2017-10-24,1
2717,2717,2717,2019-09-21,1
2718,2718,2718,2021-10-24,1
2719,2719,2719,2018-09-01,1
2720,2720,2720,2019-09-09,1
2721,2721,2721,2020-09-03,1
2722,2722,2722,2020-10-11,1
2723,2723,2723,2019-09-29,1
2724,2724,2724,2018-10-19,0
2725,2725,2725,2018-10-13,1
2726,2726,2726,2021-09-07,1
2727,2727,2727,2019-09-06,1
2728,2728,2728,2021-09-06,1
2729,2729,2729,2021-10-07,1
2730,2730,2730,2020-10-29,1
2731,2731,2731,2021-10-25,1
2732,2732,2732,2020-10-15,1
2733,2733,2733,2018-09-30,1
2734,2734,2734,2021-10-01,1
2735,2735,2735,2021-10-05,1
2736,2736,2736,2021-09-16,1
2737,2737,2737,2017-09-24,1
2738,2738,2738,2018-10-11,1
2739,2739,2739,2021-10-18,1
2740,2740,2740,2018-10-17,1
2741,2741,2741,2018-09-10,0
2742,2742,2742,2020-09-13,1
2743,2743,2743,2020-09-17,1
2744,2744,2744,2020-09-01,1
2745,2745,2745,2017-09-20,1
2746,2746,2746,2020-10-11,1
2747,2747,2747,2016-09-27,1
2748,2748,2748,2017-10-23,1
2749,2749,2749,2021-10-24,1
2750,2750,2750,2020-10-23,1
2751,2751,2751,2021-10-02,1
2752,2752,2752,2021-09-29,1
2753,2753,2753,2021-10-23,1
2754,2754,2754,2016-10-01,1
2755,2755,2755,2021-09-09,1
2756,2756,2756,2021-09-29,1
2757,2757,2757,2021-09-16,1
2758,2758,2758,2021-09-12,1
2759,2759,2759,2020-10-24,1
2760,2760,2760,2020-10-16,0
2761,2761,2761,2019-09-02,1
2762,2762,2762,2021-09-18,1
2763,2763,2763,2021-09-04,1
2764,2764,2764,2021-10-27,1
2765,2765,2765,2018-10-21,1
2766,2766,2766,2020-10-05,1
2767,2767,2767,2021-10-15,1
2768,2768,2768,2021-10-24,1
2769,2769,2769,2021-10-30,1
2770,2770,2770,2021-10-11,1
2771,2771,2771,2021-10-26,1
2772,2772,2772,2021-09-25,1
2773,2773,2773,2020-10-18,0
2774,2774,2774,2019-09-22,1
2775,2775,2775,2021-10-15,1
2776,2776,2776,2021-09-25,1
2777,2777,2777,2019-09-14,1
2778,2778,2778,2021-09-23,1
2779,2779,2779,2021-10-09,1
2780,2780,2780,2020-10-23,0
2781,2781,2781,2021-09-11,1
2782,2782,2782,2020-09-16,1
2783,2783,2783,2020-10-06,1
2784,2784,2784,2017-09-15,1
2785,2785,2785,2021-10-25,1
2786,2786,2786,2016-10-28,1
2787,2787,2787,2020-09-18,1
2788,2788,2788,2020-09-05,1
2789,2789,2789,2019-09-01,1
2790,2790,2790,2021-10-29,1
2791,2791,2791,2021-10-04,1
2792,2792,2792,2019-10-12,1
2793,2793,2793,2021-09-28,0
2794,2794,2794,2021-10-24,1
2795,2795,2795,2018-10-24,1
2796,2796,2796,2021-10-13,1
2797,2797,2797,2020-09-28,1
2798,2798,2798,2021-10-17,1
2799,2799,2799,2018-10-20,1
2800,2800,2800,2018-09-12,1
2801,2801,2801,2021-10-03,1
2802,2802,2802,2020-09-07,1
2803,2803,2803,2021-10-12,1
2804,2804,2804,2021-10-04,1
2805,2805,2805,2017-10-01,1
2806,2806,2806,2019-09-20,1
2807,2807,2807,2021-09-28,1
2808,2808,2808,2019-10-26,1
2809,2809,2809,2018-09-30,1
2810,2810,2810,2018-10-18,0
2811,2811,2811,2016-10-24,1
2812,2812,2812,2020-10-03,1
2813,2813,2813,2021-10-14,1
2814,2814,2814,2020-09-07,1
2815,2815,2815,2021-09-04,1
2816,2816,2816,2020-10-27,1
2817,2817,2817,2021-09-13,0
2818,2818,2818,2021-09-24,1
2819,2819,2819,2021-09-15,1
2820,2820,2820,2021-09-27,1
2821,2821,2821,2021-10-08,1
2822,2822,2822,2021-09-19,1
2823,2823,2823,2021-09-13,1
2824,2824,2824,2021-09-21,1
2825,2825,2825,2020-09-29,1
2826,2826,2826,2020-09-20,1
2827,2827,2827,2019-09-21,1
2828,2828,2828,2021-10-12,1
2829,2829,2829,2020-09-19,1
2830,2830,2830,2020-10-10,1
2831,2831,2831,2018-09-09,1
2832,2832,2832,2020-10-16,1
2833,2833,2833,2018-09-06,1
2834,2834,2834,2020-09-18,1
2835,2835,2835,2020-10-22,1
2836,2836,2836,2018-09-26,1
2837,2837,2837,2019-09-30,1
2838,2838,2838,2021-10-22,1
2839,2839,2839,2021-10-16,1
2840,2840,2840,2021-10-26,1
2841,2841,2841,2021-10-10,1
2842,2842,2842,2021-10-05,1
2843,2843,2843,2021-10-10,1
2844,2844,2844,2019-09-04,1
2845,2845,2845,2019-09-12,1
2846,2846,2846,2021-10-22,1
2847,2847,2847,2021-09-02,1
2848,2848,2848,2021-10-28,1
2849,2849,2849,2020-10-27,1
2850,2850,2850,2020-10-31,1
2851,2851,2851,2018-10-23,0
2852,2852,2852,2017-09-12,1
2853,2853,2853,2017-10-09,1
2854,2854,2854,2020-09-05,1
2855,2855,2855,2020-09-12,1
2856,2856,2856,2020-09-05,1
2857,2857,2857,2020-09-12,1
2858,2858,2858,2021-10-20,1
2859,2859,2859,2020-09-29,1
2860,2860,2860,2021-09-30,1
2861,2861,2861,2019-09-25,1
2862,2862,2862,2016-10-29,1
2863,2863,2863,2020-10-10,1
2864,2864,2864,2021-10-24,1
2865,2865,2865,2020-09-27,1
2866,2866,2866,2018-10-12,1
2867,2867,2867,2021-10-30,1
2868,2868,2868,2020-10-24,1
2869,2869,2869,2019-10-05,1
2870,2870,2870,2020-09-14,1
2871,2871,2871,2019-10-03,1
2872,2872,2872,2021-09-29,1
2873,2873,2873,2021-10-27,1
2874,2874,2874,2021-10-02,1
2875,2875,2875,2021-09-22,1
2876,2876,2876,2021-09-28,1
2877,2877,2877,2021-10-15,1
2878,2878,2878,2019-10-26,1
2879,2879,2879,2021-09-19,1
2880,2880,2880,2020-09-11,1
2881,2881,2881,2021-10-30,0
2882,2882,2882,2021-09-25,1
2883,2883,2883,2021-10-21,1
2884,2884,2884,2020-10-16,1
2885,2885,2885,2019-10-26,1
2886,2886,2886,2020-09-03,1
2887,2887,2887,2021-09-10,1
2888,2888,2888,2021-09-29,1
2889,2889,2889,2021-10-21,1
2890,2890,2890,2021-10-07,1
2891,2891,2891,2021-09-26,1
2892,2892,2892,2021-09-22,1
2893,2893,2893,2019-09-21,1
2894,2894,2894,2016-09-16,1
2895,2895,2895,2020-10-29,1
2896,2896,2896,2021-10-31,1
2897,2897,2897,2021-10-01,1
2898,2898,2898,2020-09-05,1
2899,2899,2899,2017-09-05,1
2900,2900,2900,2021-09-24,1
2901,2901,2901,2020-10-25,1
2902,2902,2902,2021-10-22,1
2903,2903,2903,2021-10-26,1
2904,2904,2904,2020-09-22,1
2905,2905,2905,2021-10-29,1
2906,2906,2906,2020-09-16,0
2907,2907,2907,2020-09-19,1
2908,2908,2908,2021-10-31,1
2909,2909,2909,2021-10-09,1
2910,2910,2910,2016-09-26,1
2911,2911,2911,2019-10-24,1
2912,2912,2912,2021-09-30,1
2913,2913,2913,2018-09-15,1
2914,2914,2914,2017-09-06,1
2915,2915,2915,2021-09-11,1
2916,2916,2916,2018-09-16,1
2917,2917,2917,2019-09-06,1
2918,2918,2918,2016-09-02,1
2919,2919,2919,2021-09-02,1
2920,2920,2920,2021-09-05,1
2921,2921,2921,2020-09-09,1
2922,2922,2922,2021-09-13,1
2923,2923,2923,2021-10-14,1
2924,2924,2924,2017-10-05,1
2925,2925,2925,2021-09-26,1
2926,2926,2926,2019-09-30,1
2927,2927,2927,2021-10-07,1
2928,2928,2928,2020-09-06,1
2929,2929,2929,2018-10-16,1
2930,2930,2930,2021-09-15,1
2931,2931,2931,2021-09-15,1
2932,2932,2932,2020-10-03,1
2933,2933,2933,2021-09-26,1
2934,2934,2934,2020-09-30,1
2935,2935,2935,2021-09-23,0
2936,2936,2936,2017-10-09,1
2937,2937,2937,2021-10-03,1
2938,2938,2938,2019-10-19,0
2939,2939,2939,2020-09-09,1
2940,2940,2940,2017-09-11,1
2941,2941,2941,2021-10-02,1
2942,2942,2942,2020-09-02,1
2943,2943,2943,2020-09-07,1
2944,2944,2944,2021-10-05,1
2945,2945,2945,2021-10-17,1
2946,2946,2946,2019-10-22,1
2947,2947,2947,2020-10-08,1
2948,2948,2948,2020-10-15,1
2949,2949,2949,2020-10-11,1
2950,2950,2950,2021-10-25,1
2951,2951,2951,2020-09-05,1
2952,2952,2952,2020-10-27,1
2953,2953,2953,2021-10-18,1
2954,2954,2954,2021-10-14,1
2955,2955,2955,2018-10-22,1
2956,2956,2956,2021-09-02,1
2957,2957,2957,2021-09-23,1
2958,2958,2958,2020-10-26,1
2959,2959,2959,2020-10-24,1
2960,2960,2960,2021-10-30,1
2961,2961,2961,2016-09-11,1
2962,2962,2962,2018-10-16,1
2963,2963,2963,2020-10-17,1
2964,2964,2964,2020-10-27,1
2965,2965,2965,2016-09-15,1
2966,2966,2966,2017-09-03,1
2967,2967,2967,2020-10-31,1
2968,2968,2968,2019-09-09,0
2969,2969,2969,2020-09-29,1
2970,2970,2970,2020-09-27,1
2971,2971,2971,2021-09-17,1
2972,2972,2972,2020-09-04,1
2973,2973,2973,2021-09-08,1
2974,2974,2974,2020-10-07,1
2975,2975,2975,2020-10-21,1
2976,2976,2976,2017-09-23,1
2977,2977,2977,2017-10-11,1
2978,2978,2978,2020-09-25,1
2979,2979,2979,2021-09-10,1
2980,2980,2980,2021-10-01,1
2981,2981,2981,2021-10-23,1
2982,2982,2982,2019-09-05,1
2983,2983,2983,2021-10-04,1
2984,2984,2984,2021-10-09,1
2985,2985,2985,2021-10-05,1
2986,2986,2986,2021-09-24,1
2987,2987,2987,2021-10-08,1
2988,2988,2988,2021-09-07,1
2989,2989,2989,2018-10-16,1
2990,2990,2990,2018-10-23,1
2991,2991,2991,2017-10-24,1
2992,2992,2992,2021-09-16,1
2993,2993,2993,2021-10-30,1
2994,2994,2994,2020-09-15,1
2995,2995,2995,2021-10-25,1
2996,2996,2996,2020-10-31,1
2997,2997,2997,2020-09-06,1
2998,2998,2998,2021-09-12,1
2999,2999,2999,2020-10-12,1
3000,3000,3000,2019-09-20,1
